species,filename,relative_path,full_path,quality_rating,file_extension
Brachypteryx montana,XC1101514 - White-browed Shortwing - Brachypteryx montana brunneiceps.wav,Brachypteryx montana/A/XC1101514 - White-browed Shortwing - Brachypteryx montana brunneiceps.wav,data/raw/Brachypteryx montana/A/XC1101514 - White-browed Shortwing - Brachypteryx montana brunneiceps.wav,A,.wav
Brachypteryx montana,XC168744 - White-browed Shortwing - Brachypteryx montana mindanensis.mp3,Brachypteryx montana/A/XC168744 - White-browed Shortwing - Brachypteryx montana mindanensis.mp3,data/raw/Brachypteryx montana/A/XC168744 - White-browed Shortwing - Brachypteryx montana mindanensis.mp3,A,.mp3
Brachypteryx montana,XC173772 - White-browed Shortwing - Brachypteryx montana mindanensis.mp3,Brachypteryx montana/A/XC173772 - White-browed Shortwing - Brachypteryx montana mindanensis.mp3,data/raw/Brachypteryx montana/A/XC173772 - White-browed Shortwing - Brachypteryx montana mindanensis.mp3,A,.mp3
Brachypteryx montana,XC175387 - White-browed Shortwing - Brachypteryx montana mindanensis.mp3,Brachypteryx montana/A/XC175387 - White-browed Shortwing - Brachypteryx montana mindanensis.mp3,data/raw/Brachypteryx montana/A/XC175387 - White-browed Shortwing - Brachypteryx montana mindanensis.mp3,A,.mp3
Brachypteryx montana,XC389832 - White-browed Shortwing - Brachypteryx montana mindanensis.mp3,Brachypteryx montana/A/XC389832 - White-browed Shortwing - Brachypteryx montana mindanensis.mp3,data/raw/Brachypteryx montana/A/XC389832 - White-browed Shortwing - Brachypteryx montana mindanensis.mp3,A,.mp3
Brachypteryx montana,XC421524 - White-browed Shortwing - Brachypteryx montana ss unknown.mp3,Brachypteryx montana/A/XC421524 - White-browed Shortwing - Brachypteryx montana ss unknown.mp3,data/raw/Brachypteryx montana/A/XC421524 - White-browed Shortwing - Brachypteryx montana ss unknown.mp3,A,.mp3
Brachypteryx montana,XC421933 - White-browed Shortwing - Brachypteryx montana unknown.mp3,Brachypteryx montana/A/XC421933 - White-browed Shortwing - Brachypteryx montana unknown.mp3,data/raw/Brachypteryx montana/A/XC421933 - White-browed Shortwing - Brachypteryx montana unknown.mp3,A,.mp3
Brachypteryx montana,XC421934 - White-browed Shortwing - Brachypteryx montana unknown.mp3,Brachypteryx montana/A/XC421934 - White-browed Shortwing - Brachypteryx montana unknown.mp3,data/raw/Brachypteryx montana/A/XC421934 - White-browed Shortwing - Brachypteryx montana unknown.mp3,A,.mp3
Brachypteryx montana,XC421936 - White-browed Shortwing - Brachypteryx montana unknown.mp3,Brachypteryx montana/A/XC421936 - White-browed Shortwing - Brachypteryx montana unknown.mp3,data/raw/Brachypteryx montana/A/XC421936 - White-browed Shortwing - Brachypteryx montana unknown.mp3,A,.mp3
Brachypteryx montana,XC590115 - White-browed Shortwing - Brachypteryx montana mindanensis.mp3,Brachypteryx montana/A/XC590115 - White-browed Shortwing - Brachypteryx montana mindanensis.mp3,data/raw/Brachypteryx montana/A/XC590115 - White-browed Shortwing - Brachypteryx montana mindanensis.mp3,A,.mp3
Brachypteryx montana,XC590117 - White-browed Shortwing - Brachypteryx montana mindanensis.mp3,Brachypteryx montana/A/XC590117 - White-browed Shortwing - Brachypteryx montana mindanensis.mp3,data/raw/Brachypteryx montana/A/XC590117 - White-browed Shortwing - Brachypteryx montana mindanensis.mp3,A,.mp3
Brachypteryx montana,XC590119 - White-browed Shortwing - Brachypteryx montana mindanensis.mp3,Brachypteryx montana/A/XC590119 - White-browed Shortwing - Brachypteryx montana mindanensis.mp3,data/raw/Brachypteryx montana/A/XC590119 - White-browed Shortwing - Brachypteryx montana mindanensis.mp3,A,.mp3
Brachypteryx montana,XC646772 - White-browed Shortwing - Brachypteryx montana poliogyna.mp3,Brachypteryx montana/A/XC646772 - White-browed Shortwing - Brachypteryx montana poliogyna.mp3,data/raw/Brachypteryx montana/A/XC646772 - White-browed Shortwing - Brachypteryx montana poliogyna.mp3,A,.mp3
Brachypteryx montana,XC646894 - White-browed Shortwing - Brachypteryx montana mindanensis.mp3,Brachypteryx montana/A/XC646894 - White-browed Shortwing - Brachypteryx montana mindanensis.mp3,data/raw/Brachypteryx montana/A/XC646894 - White-browed Shortwing - Brachypteryx montana mindanensis.mp3,A,.mp3
Brachypteryx montana,XC67735 - White-browed Shortwing - Brachypteryx montana brunneiceps.mp3,Brachypteryx montana/A/XC67735 - White-browed Shortwing - Brachypteryx montana brunneiceps.mp3,data/raw/Brachypteryx montana/A/XC67735 - White-browed Shortwing - Brachypteryx montana brunneiceps.mp3,A,.mp3
Brachypteryx montana,XC67736 - White-browed Shortwing - Brachypteryx montana brunneiceps.mp3,Brachypteryx montana/A/XC67736 - White-browed Shortwing - Brachypteryx montana brunneiceps.mp3,data/raw/Brachypteryx montana/A/XC67736 - White-browed Shortwing - Brachypteryx montana brunneiceps.mp3,A,.mp3
Brachypteryx montana,XC67741 - White-browed Shortwing - Brachypteryx montana brunneiceps.mp3,Brachypteryx montana/A/XC67741 - White-browed Shortwing - Brachypteryx montana brunneiceps.mp3,data/raw/Brachypteryx montana/A/XC67741 - White-browed Shortwing - Brachypteryx montana brunneiceps.mp3,A,.mp3
Brachypteryx montana,XC67745 - White-browed Shortwing - Brachypteryx montana poliogyna.mp3,Brachypteryx montana/A/XC67745 - White-browed Shortwing - Brachypteryx montana poliogyna.mp3,data/raw/Brachypteryx montana/A/XC67745 - White-browed Shortwing - Brachypteryx montana poliogyna.mp3,A,.mp3
Brachypteryx montana,XC897126 - White-browed Shortwing - Brachypteryx montana poliogyna.mp3,Brachypteryx montana/A/XC897126 - White-browed Shortwing - Brachypteryx montana poliogyna.mp3,data/raw/Brachypteryx montana/A/XC897126 - White-browed Shortwing - Brachypteryx montana poliogyna.mp3,A,.mp3
Brachypteryx montana,XC897182 - White-browed Shortwing - Brachypteryx montana poliogyna.mp3,Brachypteryx montana/A/XC897182 - White-browed Shortwing - Brachypteryx montana poliogyna.mp3,data/raw/Brachypteryx montana/A/XC897182 - White-browed Shortwing - Brachypteryx montana poliogyna.mp3,A,.mp3
Brachypteryx montana,XC936616 - White-browed Shortwing - Brachypteryx montana mindanensis.wav,Brachypteryx montana/A/XC936616 - White-browed Shortwing - Brachypteryx montana mindanensis.wav,data/raw/Brachypteryx montana/A/XC936616 - White-browed Shortwing - Brachypteryx montana mindanensis.wav,A,.wav
Brachypteryx montana,XC964099 - White-browed Shortwing - Brachypteryx montana mindanensis.wav,Brachypteryx montana/A/XC964099 - White-browed Shortwing - Brachypteryx montana mindanensis.wav,data/raw/Brachypteryx montana/A/XC964099 - White-browed Shortwing - Brachypteryx montana mindanensis.wav,A,.wav
Brachypteryx montana,XC964100 - White-browed Shortwing - Brachypteryx montana mindanensis.wav,Brachypteryx montana/A/XC964100 - White-browed Shortwing - Brachypteryx montana mindanensis.wav,data/raw/Brachypteryx montana/A/XC964100 - White-browed Shortwing - Brachypteryx montana mindanensis.wav,A,.wav
Brachypteryx montana,XC964144 - White-browed Shortwing - Brachypteryx montana mindanensis.wav,Brachypteryx montana/A/XC964144 - White-browed Shortwing - Brachypteryx montana mindanensis.wav,data/raw/Brachypteryx montana/A/XC964144 - White-browed Shortwing - Brachypteryx montana mindanensis.wav,A,.wav
Brachypteryx montana,XC964280 - White-browed Shortwing - Brachypteryx montana mindanensis.wav,Brachypteryx montana/A/XC964280 - White-browed Shortwing - Brachypteryx montana mindanensis.wav,data/raw/Brachypteryx montana/A/XC964280 - White-browed Shortwing - Brachypteryx montana mindanensis.wav,A,.wav
Brachypteryx montana,XC965134 - White-browed Shortwing - Brachypteryx montana undescribed.wav,Brachypteryx montana/A/XC965134 - White-browed Shortwing - Brachypteryx montana undescribed.wav,data/raw/Brachypteryx montana/A/XC965134 - White-browed Shortwing - Brachypteryx montana undescribed.wav,A,.wav
Brachypteryx montana,XC965137 - White-browed Shortwing - Brachypteryx montana undescribed.wav,Brachypteryx montana/A/XC965137 - White-browed Shortwing - Brachypteryx montana undescribed.wav,data/raw/Brachypteryx montana/A/XC965137 - White-browed Shortwing - Brachypteryx montana undescribed.wav,A,.wav
Brachypteryx montana,XC965138 - White-browed Shortwing - Brachypteryx montana undescribed.wav,Brachypteryx montana/A/XC965138 - White-browed Shortwing - Brachypteryx montana undescribed.wav,data/raw/Brachypteryx montana/A/XC965138 - White-browed Shortwing - Brachypteryx montana undescribed.wav,A,.wav
Brachypteryx montana,XC965139 - White-browed Shortwing - Brachypteryx montana undescribed.wav,Brachypteryx montana/A/XC965139 - White-browed Shortwing - Brachypteryx montana undescribed.wav,data/raw/Brachypteryx montana/A/XC965139 - White-browed Shortwing - Brachypteryx montana undescribed.wav,A,.wav
Brachypteryx montana,XC987920 - White-browed Shortwing - Brachypteryx montana mindanensis.mp3,Brachypteryx montana/A/XC987920 - White-browed Shortwing - Brachypteryx montana mindanensis.mp3,data/raw/Brachypteryx montana/A/XC987920 - White-browed Shortwing - Brachypteryx montana mindanensis.mp3,A,.mp3
Brachypteryx montana,XC1082595 - White-browed Shortwing - Brachypteryx montana mindanensis.mp3,Brachypteryx montana/B/XC1082595 - White-browed Shortwing - Brachypteryx montana mindanensis.mp3,data/raw/Brachypteryx montana/B/XC1082595 - White-browed Shortwing - Brachypteryx montana mindanensis.mp3,B,.mp3
Brachypteryx montana,XC239258 - White-browed Shortwing - Brachypteryx montana mindanensis.mp3,Brachypteryx montana/B/XC239258 - White-browed Shortwing - Brachypteryx montana mindanensis.mp3,data/raw/Brachypteryx montana/B/XC239258 - White-browed Shortwing - Brachypteryx montana mindanensis.mp3,B,.mp3
Brachypteryx montana,XC239260 - White-browed Shortwing - Brachypteryx montana mindanensis.mp3,Brachypteryx montana/B/XC239260 - White-browed Shortwing - Brachypteryx montana mindanensis.mp3,data/raw/Brachypteryx montana/B/XC239260 - White-browed Shortwing - Brachypteryx montana mindanensis.mp3,B,.mp3
Brachypteryx montana,XC301987 - White-browed Shortwing - Brachypteryx montana ss mindanensis.mp3,Brachypteryx montana/B/XC301987 - White-browed Shortwing - Brachypteryx montana ss mindanensis.mp3,data/raw/Brachypteryx montana/B/XC301987 - White-browed Shortwing - Brachypteryx montana ss mindanensis.mp3,B,.mp3
Brachypteryx montana,XC321116 - White-browed Shortwing - Brachypteryx montana mindanensis.mp3,Brachypteryx montana/B/XC321116 - White-browed Shortwing - Brachypteryx montana mindanensis.mp3,data/raw/Brachypteryx montana/B/XC321116 - White-browed Shortwing - Brachypteryx montana mindanensis.mp3,B,.mp3
Brachypteryx montana,XC421525 - White-browed Shortwing - Brachypteryx montana ss unknown.mp3,Brachypteryx montana/B/XC421525 - White-browed Shortwing - Brachypteryx montana ss unknown.mp3,data/raw/Brachypteryx montana/B/XC421525 - White-browed Shortwing - Brachypteryx montana ss unknown.mp3,B,.mp3
Brachypteryx montana,XC421935 - White-browed Shortwing - Brachypteryx montana unknown.mp3,Brachypteryx montana/B/XC421935 - White-browed Shortwing - Brachypteryx montana unknown.mp3,data/raw/Brachypteryx montana/B/XC421935 - White-browed Shortwing - Brachypteryx montana unknown.mp3,B,.mp3
Brachypteryx montana,XC443664 - White-browed Shortwing - Brachypteryx montana unknown.mp3,Brachypteryx montana/B/XC443664 - White-browed Shortwing - Brachypteryx montana unknown.mp3,data/raw/Brachypteryx montana/B/XC443664 - White-browed Shortwing - Brachypteryx montana unknown.mp3,B,.mp3
Brachypteryx montana,XC467513 - White-browed Shortwing - Brachypteryx montana poliogyna.mp3,Brachypteryx montana/B/XC467513 - White-browed Shortwing - Brachypteryx montana poliogyna.mp3,data/raw/Brachypteryx montana/B/XC467513 - White-browed Shortwing - Brachypteryx montana poliogyna.mp3,B,.mp3
Brachypteryx montana,XC590108 - White-browed Shortwing - Brachypteryx montana mindanensis.mp3,Brachypteryx montana/B/XC590108 - White-browed Shortwing - Brachypteryx montana mindanensis.mp3,data/raw/Brachypteryx montana/B/XC590108 - White-browed Shortwing - Brachypteryx montana mindanensis.mp3,B,.mp3
Brachypteryx montana,XC590110 - White-browed Shortwing - Brachypteryx montana mindanensis.mp3,Brachypteryx montana/B/XC590110 - White-browed Shortwing - Brachypteryx montana mindanensis.mp3,data/raw/Brachypteryx montana/B/XC590110 - White-browed Shortwing - Brachypteryx montana mindanensis.mp3,B,.mp3
Brachypteryx montana,XC590112 - White-browed Shortwing - Brachypteryx montana mindanensis.mp3,Brachypteryx montana/B/XC590112 - White-browed Shortwing - Brachypteryx montana mindanensis.mp3,data/raw/Brachypteryx montana/B/XC590112 - White-browed Shortwing - Brachypteryx montana mindanensis.mp3,B,.mp3
Brachypteryx montana,XC590114 - White-browed Shortwing - Brachypteryx montana mindanensis.mp3,Brachypteryx montana/B/XC590114 - White-browed Shortwing - Brachypteryx montana mindanensis.mp3,data/raw/Brachypteryx montana/B/XC590114 - White-browed Shortwing - Brachypteryx montana mindanensis.mp3,B,.mp3
Brachypteryx montana,XC67733 - White-browed Shortwing - Brachypteryx montana brunneiceps.mp3,Brachypteryx montana/B/XC67733 - White-browed Shortwing - Brachypteryx montana brunneiceps.mp3,data/raw/Brachypteryx montana/B/XC67733 - White-browed Shortwing - Brachypteryx montana brunneiceps.mp3,B,.mp3
Brachypteryx montana,XC67734 - White-browed Shortwing - Brachypteryx montana brunneiceps.mp3,Brachypteryx montana/B/XC67734 - White-browed Shortwing - Brachypteryx montana brunneiceps.mp3,data/raw/Brachypteryx montana/B/XC67734 - White-browed Shortwing - Brachypteryx montana brunneiceps.mp3,B,.mp3
Brachypteryx montana,XC67738 - White-browed Shortwing - Brachypteryx montana brunneiceps.mp3,Brachypteryx montana/B/XC67738 - White-browed Shortwing - Brachypteryx montana brunneiceps.mp3,data/raw/Brachypteryx montana/B/XC67738 - White-browed Shortwing - Brachypteryx montana brunneiceps.mp3,B,.mp3
Brachypteryx montana,XC67739 - White-browed Shortwing - Brachypteryx montana brunneiceps.mp3,Brachypteryx montana/B/XC67739 - White-browed Shortwing - Brachypteryx montana brunneiceps.mp3,data/raw/Brachypteryx montana/B/XC67739 - White-browed Shortwing - Brachypteryx montana brunneiceps.mp3,B,.mp3
Brachypteryx montana,XC67740 - White-browed Shortwing - Brachypteryx montana brunneiceps.mp3,Brachypteryx montana/B/XC67740 - White-browed Shortwing - Brachypteryx montana brunneiceps.mp3,data/raw/Brachypteryx montana/B/XC67740 - White-browed Shortwing - Brachypteryx montana brunneiceps.mp3,B,.mp3
Brachypteryx montana,XC67744 - White-browed Shortwing - Brachypteryx montana mindanensis.mp3,Brachypteryx montana/B/XC67744 - White-browed Shortwing - Brachypteryx montana mindanensis.mp3,data/raw/Brachypteryx montana/B/XC67744 - White-browed Shortwing - Brachypteryx montana mindanensis.mp3,B,.mp3
Brachypteryx montana,XC691541 - White-browed Shortwing - Brachypteryx montana brunneiceps.mp3,Brachypteryx montana/B/XC691541 - White-browed Shortwing - Brachypteryx montana brunneiceps.mp3,data/raw/Brachypteryx montana/B/XC691541 - White-browed Shortwing - Brachypteryx montana brunneiceps.mp3,B,.mp3
Brachypteryx montana,XC776686 - White-browed Shortwing - Brachypteryx montana mindanensis.mp3,Brachypteryx montana/B/XC776686 - White-browed Shortwing - Brachypteryx montana mindanensis.mp3,data/raw/Brachypteryx montana/B/XC776686 - White-browed Shortwing - Brachypteryx montana mindanensis.mp3,B,.mp3
Brachypteryx montana,XC79300 - White-browed Shortwing - Brachypteryx montana.mp3,Brachypteryx montana/B/XC79300 - White-browed Shortwing - Brachypteryx montana.mp3,data/raw/Brachypteryx montana/B/XC79300 - White-browed Shortwing - Brachypteryx montana.mp3,B,.mp3
Brachypteryx montana,XC897127 - White-browed Shortwing - Brachypteryx montana poliogyna.mp3,Brachypteryx montana/B/XC897127 - White-browed Shortwing - Brachypteryx montana poliogyna.mp3,data/raw/Brachypteryx montana/B/XC897127 - White-browed Shortwing - Brachypteryx montana poliogyna.mp3,B,.mp3
Brachypteryx montana,XC960310 - White-browed Shortwing - Brachypteryx montana.mp3,Brachypteryx montana/B/XC960310 - White-browed Shortwing - Brachypteryx montana.mp3,data/raw/Brachypteryx montana/B/XC960310 - White-browed Shortwing - Brachypteryx montana.mp3,B,.mp3
Brachypteryx montana,XC168747 - White-browed Shortwing - Brachypteryx montana undescribed.mp3,Brachypteryx montana/C/XC168747 - White-browed Shortwing - Brachypteryx montana undescribed.mp3,data/raw/Brachypteryx montana/C/XC168747 - White-browed Shortwing - Brachypteryx montana undescribed.mp3,C,.mp3
Brachypteryx montana,XC30766 - White-browed Shortwing - Brachypteryx montana.mp3,Brachypteryx montana/C/XC30766 - White-browed Shortwing - Brachypteryx montana.mp3,data/raw/Brachypteryx montana/C/XC30766 - White-browed Shortwing - Brachypteryx montana.mp3,C,.mp3
Brachypteryx montana,XC555486 - White-browed Shortwing - Brachypteryx montana undescribed.mp3,Brachypteryx montana/C/XC555486 - White-browed Shortwing - Brachypteryx montana undescribed.mp3,data/raw/Brachypteryx montana/C/XC555486 - White-browed Shortwing - Brachypteryx montana undescribed.mp3,C,.mp3
Brachypteryx montana,XC67737 - White-browed Shortwing - Brachypteryx montana brunneiceps.mp3,Brachypteryx montana/C/XC67737 - White-browed Shortwing - Brachypteryx montana brunneiceps.mp3,data/raw/Brachypteryx montana/C/XC67737 - White-browed Shortwing - Brachypteryx montana brunneiceps.mp3,C,.mp3
Brachypteryx montana,XC897183 - White-browed Shortwing - Brachypteryx montana poliogyna.mp3,Brachypteryx montana/C/XC897183 - White-browed Shortwing - Brachypteryx montana poliogyna.mp3,data/raw/Brachypteryx montana/C/XC897183 - White-browed Shortwing - Brachypteryx montana poliogyna.mp3,C,.mp3
Brachypteryx montana,XC164795 - White-browed Shortwing - Brachypteryx montana mindanensis.mp3,Brachypteryx montana/E/XC164795 - White-browed Shortwing - Brachypteryx montana mindanensis.mp3,data/raw/Brachypteryx montana/E/XC164795 - White-browed Shortwing - Brachypteryx montana mindanensis.mp3,E,.mp3
Dicrurus balicassius,XC1008948 - Balicassiao - Dicrurus balicassius striatus.mp3,Dicrurus balicassius/A/XC1008948 - Balicassiao - Dicrurus balicassius striatus.mp3,data/raw/Dicrurus balicassius/A/XC1008948 - Balicassiao - Dicrurus balicassius striatus.mp3,A,.mp3
Dicrurus balicassius,XC1055990 - Balicassiao - Dicrurus balicassius mirabilis.mp3,Dicrurus balicassius/A/XC1055990 - Balicassiao - Dicrurus balicassius mirabilis.mp3,data/raw/Dicrurus balicassius/A/XC1055990 - Balicassiao - Dicrurus balicassius mirabilis.mp3,A,.mp3
Dicrurus balicassius,XC190206 - Balicassiao - Dicrurus balicassius.mp3,Dicrurus balicassius/A/XC190206 - Balicassiao - Dicrurus balicassius.mp3,data/raw/Dicrurus balicassius/A/XC190206 - Balicassiao - Dicrurus balicassius.mp3,A,.mp3
Dicrurus balicassius,XC68172 - Balicassiao - Dicrurus balicassius.mp3,Dicrurus balicassius/A/XC68172 - Balicassiao - Dicrurus balicassius.mp3,data/raw/Dicrurus balicassius/A/XC68172 - Balicassiao - Dicrurus balicassius.mp3,A,.mp3
Dicrurus balicassius,XC963940 - Balicassiao - Dicrurus balicassius striatus.wav,Dicrurus balicassius/A/XC963940 - Balicassiao - Dicrurus balicassius striatus.wav,data/raw/Dicrurus balicassius/A/XC963940 - Balicassiao - Dicrurus balicassius striatus.wav,A,.wav
Dicrurus balicassius,XC1008946 - Balicassiao - Dicrurus balicassius striatus.mp3,Dicrurus balicassius/B/XC1008946 - Balicassiao - Dicrurus balicassius striatus.mp3,data/raw/Dicrurus balicassius/B/XC1008946 - Balicassiao - Dicrurus balicassius striatus.mp3,B,.mp3
Dicrurus balicassius,XC1009613 - Balicassiao - Dicrurus balicassius.wav,Dicrurus balicassius/B/XC1009613 - Balicassiao - Dicrurus balicassius.wav,data/raw/Dicrurus balicassius/B/XC1009613 - Balicassiao - Dicrurus balicassius.wav,B,.wav
Dicrurus balicassius,XC1009614 - Balicassiao - Dicrurus balicassius.wav,Dicrurus balicassius/B/XC1009614 - Balicassiao - Dicrurus balicassius.wav,data/raw/Dicrurus balicassius/B/XC1009614 - Balicassiao - Dicrurus balicassius.wav,B,.wav
Dicrurus balicassius,XC177905 - Balicassiao - Dicrurus balicassius mirabilis.mp3,Dicrurus balicassius/B/XC177905 - Balicassiao - Dicrurus balicassius mirabilis.mp3,data/raw/Dicrurus balicassius/B/XC177905 - Balicassiao - Dicrurus balicassius mirabilis.mp3,B,.mp3
Dicrurus balicassius,XC181747 - Balicassiao - Dicrurus balicassius mirabilis.mp3,Dicrurus balicassius/B/XC181747 - Balicassiao - Dicrurus balicassius mirabilis.mp3,data/raw/Dicrurus balicassius/B/XC181747 - Balicassiao - Dicrurus balicassius mirabilis.mp3,B,.mp3
Dicrurus balicassius,XC182014 - Balicassiao - Dicrurus balicassius samarensis.mp3,Dicrurus balicassius/B/XC182014 - Balicassiao - Dicrurus balicassius samarensis.mp3,data/raw/Dicrurus balicassius/B/XC182014 - Balicassiao - Dicrurus balicassius samarensis.mp3,B,.mp3
Dicrurus balicassius,XC190220 - Balicassiao - Dicrurus balicassius.mp3,Dicrurus balicassius/B/XC190220 - Balicassiao - Dicrurus balicassius.mp3,data/raw/Dicrurus balicassius/B/XC190220 - Balicassiao - Dicrurus balicassius.mp3,B,.mp3
Dicrurus balicassius,XC239323 - Balicassiao - Dicrurus balicassius striatus.mp3,Dicrurus balicassius/B/XC239323 - Balicassiao - Dicrurus balicassius striatus.mp3,data/raw/Dicrurus balicassius/B/XC239323 - Balicassiao - Dicrurus balicassius striatus.mp3,B,.mp3
Dicrurus balicassius,XC268925 - Balicassiao - Dicrurus balicassius striatus.mp3,Dicrurus balicassius/B/XC268925 - Balicassiao - Dicrurus balicassius striatus.mp3,data/raw/Dicrurus balicassius/B/XC268925 - Balicassiao - Dicrurus balicassius striatus.mp3,B,.mp3
Dicrurus balicassius,XC268927 - Balicassiao - Dicrurus balicassius striatus.mp3,Dicrurus balicassius/B/XC268927 - Balicassiao - Dicrurus balicassius striatus.mp3,data/raw/Dicrurus balicassius/B/XC268927 - Balicassiao - Dicrurus balicassius striatus.mp3,B,.mp3
Dicrurus balicassius,XC321031 - Balicassiao - Dicrurus balicassius.mp3,Dicrurus balicassius/B/XC321031 - Balicassiao - Dicrurus balicassius.mp3,data/raw/Dicrurus balicassius/B/XC321031 - Balicassiao - Dicrurus balicassius.mp3,B,.mp3
Dicrurus balicassius,XC39414 - Balicassiao - Dicrurus balicassius.mp3,Dicrurus balicassius/B/XC39414 - Balicassiao - Dicrurus balicassius.mp3,data/raw/Dicrurus balicassius/B/XC39414 - Balicassiao - Dicrurus balicassius.mp3,B,.mp3
Dicrurus balicassius,XC411623 - Balicassiao - Dicrurus balicassius samarensis.mp3,Dicrurus balicassius/B/XC411623 - Balicassiao - Dicrurus balicassius samarensis.mp3,data/raw/Dicrurus balicassius/B/XC411623 - Balicassiao - Dicrurus balicassius samarensis.mp3,B,.mp3
Dicrurus balicassius,XC446940 - Balicassiao - Dicrurus balicassius.mp3,Dicrurus balicassius/B/XC446940 - Balicassiao - Dicrurus balicassius.mp3,data/raw/Dicrurus balicassius/B/XC446940 - Balicassiao - Dicrurus balicassius.mp3,B,.mp3
Dicrurus balicassius,XC616233 - Balicassiao - Dicrurus balicassius samarensis.mp3,Dicrurus balicassius/B/XC616233 - Balicassiao - Dicrurus balicassius samarensis.mp3,data/raw/Dicrurus balicassius/B/XC616233 - Balicassiao - Dicrurus balicassius samarensis.mp3,B,.mp3
Dicrurus balicassius,XC623051 - Balicassiao - Dicrurus balicassius samarensis.mp3,Dicrurus balicassius/B/XC623051 - Balicassiao - Dicrurus balicassius samarensis.mp3,data/raw/Dicrurus balicassius/B/XC623051 - Balicassiao - Dicrurus balicassius samarensis.mp3,B,.mp3
Dicrurus balicassius,XC631764 - Balicassiao - Dicrurus balicassius.mp3,Dicrurus balicassius/B/XC631764 - Balicassiao - Dicrurus balicassius.mp3,data/raw/Dicrurus balicassius/B/XC631764 - Balicassiao - Dicrurus balicassius.mp3,B,.mp3
Dicrurus balicassius,XC68155 - Balicassiao - Dicrurus balicassius mirabilis.mp3,Dicrurus balicassius/B/XC68155 - Balicassiao - Dicrurus balicassius mirabilis.mp3,data/raw/Dicrurus balicassius/B/XC68155 - Balicassiao - Dicrurus balicassius mirabilis.mp3,B,.mp3
Dicrurus balicassius,XC68156 - Balicassiao - Dicrurus balicassius mirabilis.mp3,Dicrurus balicassius/B/XC68156 - Balicassiao - Dicrurus balicassius mirabilis.mp3,data/raw/Dicrurus balicassius/B/XC68156 - Balicassiao - Dicrurus balicassius mirabilis.mp3,B,.mp3
Dicrurus balicassius,XC68157 - Balicassiao - Dicrurus balicassius mirabilis.mp3,Dicrurus balicassius/B/XC68157 - Balicassiao - Dicrurus balicassius mirabilis.mp3,data/raw/Dicrurus balicassius/B/XC68157 - Balicassiao - Dicrurus balicassius mirabilis.mp3,B,.mp3
Dicrurus balicassius,XC68158 - Balicassiao - Dicrurus balicassius mirabilis.mp3,Dicrurus balicassius/B/XC68158 - Balicassiao - Dicrurus balicassius mirabilis.mp3,data/raw/Dicrurus balicassius/B/XC68158 - Balicassiao - Dicrurus balicassius mirabilis.mp3,B,.mp3
Dicrurus balicassius,XC68159 - Balicassiao - Dicrurus balicassius mirabilis.mp3,Dicrurus balicassius/B/XC68159 - Balicassiao - Dicrurus balicassius mirabilis.mp3,data/raw/Dicrurus balicassius/B/XC68159 - Balicassiao - Dicrurus balicassius mirabilis.mp3,B,.mp3
Dicrurus balicassius,XC68160 - Balicassiao - Dicrurus balicassius mirabilis.mp3,Dicrurus balicassius/B/XC68160 - Balicassiao - Dicrurus balicassius mirabilis.mp3,data/raw/Dicrurus balicassius/B/XC68160 - Balicassiao - Dicrurus balicassius mirabilis.mp3,B,.mp3
Dicrurus balicassius,XC68174 - Balicassiao - Dicrurus balicassius striatus.mp3,Dicrurus balicassius/B/XC68174 - Balicassiao - Dicrurus balicassius striatus.mp3,data/raw/Dicrurus balicassius/B/XC68174 - Balicassiao - Dicrurus balicassius striatus.mp3,B,.mp3
Dicrurus balicassius,XC68175 - Balicassiao - Dicrurus balicassius striatus.mp3,Dicrurus balicassius/B/XC68175 - Balicassiao - Dicrurus balicassius striatus.mp3,data/raw/Dicrurus balicassius/B/XC68175 - Balicassiao - Dicrurus balicassius striatus.mp3,B,.mp3
Dicrurus balicassius,XC68176 - Balicassiao - Dicrurus balicassius striatus.mp3,Dicrurus balicassius/B/XC68176 - Balicassiao - Dicrurus balicassius striatus.mp3,data/raw/Dicrurus balicassius/B/XC68176 - Balicassiao - Dicrurus balicassius striatus.mp3,B,.mp3
Dicrurus balicassius,XC697535 - Balicassiao - Dicrurus balicassius mirabilis.mp3,Dicrurus balicassius/B/XC697535 - Balicassiao - Dicrurus balicassius mirabilis.mp3,data/raw/Dicrurus balicassius/B/XC697535 - Balicassiao - Dicrurus balicassius mirabilis.mp3,B,.mp3
Dicrurus balicassius,XC776488 - Balicassiao - Dicrurus balicassius.mp3,Dicrurus balicassius/B/XC776488 - Balicassiao - Dicrurus balicassius.mp3,data/raw/Dicrurus balicassius/B/XC776488 - Balicassiao - Dicrurus balicassius.mp3,B,.mp3
Dicrurus balicassius,XC776489 - Balicassiao - Dicrurus balicassius.mp3,Dicrurus balicassius/B/XC776489 - Balicassiao - Dicrurus balicassius.mp3,data/raw/Dicrurus balicassius/B/XC776489 - Balicassiao - Dicrurus balicassius.mp3,B,.mp3
Dicrurus balicassius,XC776491 - Balicassiao - Dicrurus balicassius.mp3,Dicrurus balicassius/B/XC776491 - Balicassiao - Dicrurus balicassius.mp3,data/raw/Dicrurus balicassius/B/XC776491 - Balicassiao - Dicrurus balicassius.mp3,B,.mp3
Dicrurus balicassius,XC92705 - Balicassiao - Dicrurus balicassius.mp3,Dicrurus balicassius/B/XC92705 - Balicassiao - Dicrurus balicassius.mp3,data/raw/Dicrurus balicassius/B/XC92705 - Balicassiao - Dicrurus balicassius.mp3,B,.mp3
Dicrurus balicassius,XC959676 - Balicassiao - Dicrurus balicassius.wav,Dicrurus balicassius/B/XC959676 - Balicassiao - Dicrurus balicassius.wav,data/raw/Dicrurus balicassius/B/XC959676 - Balicassiao - Dicrurus balicassius.wav,B,.wav
Dicrurus balicassius,XC130890 - Balicassiao - Dicrurus balicassius.mp3,Dicrurus balicassius/C/XC130890 - Balicassiao - Dicrurus balicassius.mp3,data/raw/Dicrurus balicassius/C/XC130890 - Balicassiao - Dicrurus balicassius.mp3,C,.mp3
Dicrurus balicassius,XC201896 - Balicassiao - Dicrurus balicassius mirabilis.mp3,Dicrurus balicassius/C/XC201896 - Balicassiao - Dicrurus balicassius mirabilis.mp3,data/raw/Dicrurus balicassius/C/XC201896 - Balicassiao - Dicrurus balicassius mirabilis.mp3,C,.mp3
Dicrurus balicassius,XC204628 - Balicassiao - Dicrurus balicassius.mp3,Dicrurus balicassius/C/XC204628 - Balicassiao - Dicrurus balicassius.mp3,data/raw/Dicrurus balicassius/C/XC204628 - Balicassiao - Dicrurus balicassius.mp3,C,.mp3
Dicrurus balicassius,XC204634 - Balicassiao - Dicrurus balicassius.mp3,Dicrurus balicassius/C/XC204634 - Balicassiao - Dicrurus balicassius.mp3,data/raw/Dicrurus balicassius/C/XC204634 - Balicassiao - Dicrurus balicassius.mp3,C,.mp3
Dicrurus balicassius,XC204637 - Balicassiao - Dicrurus balicassius.mp3,Dicrurus balicassius/C/XC204637 - Balicassiao - Dicrurus balicassius.mp3,data/raw/Dicrurus balicassius/C/XC204637 - Balicassiao - Dicrurus balicassius.mp3,C,.mp3
Dicrurus balicassius,XC239325 - Balicassiao - Dicrurus balicassius striatus.mp3,Dicrurus balicassius/C/XC239325 - Balicassiao - Dicrurus balicassius striatus.mp3,data/raw/Dicrurus balicassius/C/XC239325 - Balicassiao - Dicrurus balicassius striatus.mp3,C,.mp3
Dicrurus balicassius,XC305208 - Balicassiao - Dicrurus balicassius.mp3,Dicrurus balicassius/C/XC305208 - Balicassiao - Dicrurus balicassius.mp3,data/raw/Dicrurus balicassius/C/XC305208 - Balicassiao - Dicrurus balicassius.mp3,C,.mp3
Dicrurus balicassius,XC309031 - Balicassiao - Dicrurus balicassius.mp3,Dicrurus balicassius/C/XC309031 - Balicassiao - Dicrurus balicassius.mp3,data/raw/Dicrurus balicassius/C/XC309031 - Balicassiao - Dicrurus balicassius.mp3,C,.mp3
Dicrurus balicassius,XC382331 - Balicassiao - Dicrurus balicassius ss mirabilis.mp3,Dicrurus balicassius/C/XC382331 - Balicassiao - Dicrurus balicassius ss mirabilis.mp3,data/raw/Dicrurus balicassius/C/XC382331 - Balicassiao - Dicrurus balicassius ss mirabilis.mp3,C,.mp3
Dicrurus balicassius,XC382334 - Balicassiao - Dicrurus balicassius ss mirabilis.mp3,Dicrurus balicassius/C/XC382334 - Balicassiao - Dicrurus balicassius ss mirabilis.mp3,data/raw/Dicrurus balicassius/C/XC382334 - Balicassiao - Dicrurus balicassius ss mirabilis.mp3,C,.mp3
Dicrurus balicassius,XC391260 - Balicassiao - Dicrurus balicassius.mp3,Dicrurus balicassius/C/XC391260 - Balicassiao - Dicrurus balicassius.mp3,data/raw/Dicrurus balicassius/C/XC391260 - Balicassiao - Dicrurus balicassius.mp3,C,.mp3
Dicrurus balicassius,XC391261 - Balicassiao - Dicrurus balicassius.mp3,Dicrurus balicassius/C/XC391261 - Balicassiao - Dicrurus balicassius.mp3,data/raw/Dicrurus balicassius/C/XC391261 - Balicassiao - Dicrurus balicassius.mp3,C,.mp3
Dicrurus balicassius,XC391262 - Balicassiao - Dicrurus balicassius.mp3,Dicrurus balicassius/C/XC391262 - Balicassiao - Dicrurus balicassius.mp3,data/raw/Dicrurus balicassius/C/XC391262 - Balicassiao - Dicrurus balicassius.mp3,C,.mp3
Dicrurus balicassius,XC41084 - Balicassiao - Dicrurus balicassius.mp3,Dicrurus balicassius/C/XC41084 - Balicassiao - Dicrurus balicassius.mp3,data/raw/Dicrurus balicassius/C/XC41084 - Balicassiao - Dicrurus balicassius.mp3,C,.mp3
Dicrurus balicassius,XC463900 - Balicassiao - Dicrurus balicassius.mp3,Dicrurus balicassius/C/XC463900 - Balicassiao - Dicrurus balicassius.mp3,data/raw/Dicrurus balicassius/C/XC463900 - Balicassiao - Dicrurus balicassius.mp3,C,.mp3
Dicrurus balicassius,XC616229 - Balicassiao - Dicrurus balicassius samarensis.mp3,Dicrurus balicassius/C/XC616229 - Balicassiao - Dicrurus balicassius samarensis.mp3,data/raw/Dicrurus balicassius/C/XC616229 - Balicassiao - Dicrurus balicassius samarensis.mp3,C,.mp3
Dicrurus balicassius,XC616242 - Balicassiao - Dicrurus balicassius samarensis.mp3,Dicrurus balicassius/C/XC616242 - Balicassiao - Dicrurus balicassius samarensis.mp3,data/raw/Dicrurus balicassius/C/XC616242 - Balicassiao - Dicrurus balicassius samarensis.mp3,C,.mp3
Dicrurus balicassius,XC616243 - Balicassiao - Dicrurus balicassius samarensis.mp3,Dicrurus balicassius/C/XC616243 - Balicassiao - Dicrurus balicassius samarensis.mp3,data/raw/Dicrurus balicassius/C/XC616243 - Balicassiao - Dicrurus balicassius samarensis.mp3,C,.mp3
Dicrurus balicassius,XC616246 - Balicassiao - Dicrurus balicassius samarensis.mp3,Dicrurus balicassius/C/XC616246 - Balicassiao - Dicrurus balicassius samarensis.mp3,data/raw/Dicrurus balicassius/C/XC616246 - Balicassiao - Dicrurus balicassius samarensis.mp3,C,.mp3
Dicrurus balicassius,XC616471 - Balicassiao - Dicrurus balicassius samarensis.mp3,Dicrurus balicassius/C/XC616471 - Balicassiao - Dicrurus balicassius samarensis.mp3,data/raw/Dicrurus balicassius/C/XC616471 - Balicassiao - Dicrurus balicassius samarensis.mp3,C,.mp3
Dicrurus balicassius,XC616473 - Balicassiao - Dicrurus balicassius samarensis.mp3,Dicrurus balicassius/C/XC616473 - Balicassiao - Dicrurus balicassius samarensis.mp3,data/raw/Dicrurus balicassius/C/XC616473 - Balicassiao - Dicrurus balicassius samarensis.mp3,C,.mp3
Dicrurus balicassius,XC622349 - Balicassiao - Dicrurus balicassius mirabilis.mp3,Dicrurus balicassius/C/XC622349 - Balicassiao - Dicrurus balicassius mirabilis.mp3,data/raw/Dicrurus balicassius/C/XC622349 - Balicassiao - Dicrurus balicassius mirabilis.mp3,C,.mp3
Dicrurus balicassius,XC631762 - Balicassiao - Dicrurus balicassius.mp3,Dicrurus balicassius/C/XC631762 - Balicassiao - Dicrurus balicassius.mp3,data/raw/Dicrurus balicassius/C/XC631762 - Balicassiao - Dicrurus balicassius.mp3,C,.mp3
Dicrurus balicassius,XC68173 - Balicassiao - Dicrurus balicassius striatus.mp3,Dicrurus balicassius/C/XC68173 - Balicassiao - Dicrurus balicassius striatus.mp3,data/raw/Dicrurus balicassius/C/XC68173 - Balicassiao - Dicrurus balicassius striatus.mp3,C,.mp3
Dicrurus balicassius,XC79286 - Balicassiao - Dicrurus balicassius.mp3,Dicrurus balicassius/C/XC79286 - Balicassiao - Dicrurus balicassius.mp3,data/raw/Dicrurus balicassius/C/XC79286 - Balicassiao - Dicrurus balicassius.mp3,C,.mp3
Dicrurus balicassius,XC896127 - Balicassiao - Dicrurus balicassius.mp3,Dicrurus balicassius/C/XC896127 - Balicassiao - Dicrurus balicassius.mp3,data/raw/Dicrurus balicassius/C/XC896127 - Balicassiao - Dicrurus balicassius.mp3,C,.mp3
Dicrurus balicassius,XC897267 - Balicassiao - Dicrurus balicassius.mp3,Dicrurus balicassius/C/XC897267 - Balicassiao - Dicrurus balicassius.mp3,data/raw/Dicrurus balicassius/C/XC897267 - Balicassiao - Dicrurus balicassius.mp3,C,.mp3
Dicrurus balicassius,XC391263 - Balicassiao - Dicrurus balicassius.mp3,Dicrurus balicassius/D/XC391263 - Balicassiao - Dicrurus balicassius.mp3,data/raw/Dicrurus balicassius/D/XC391263 - Balicassiao - Dicrurus balicassius.mp3,D,.mp3
Dicrurus balicassius,XC39413 - Balicassiao - Dicrurus balicassius.mp3,Dicrurus balicassius/D/XC39413 - Balicassiao - Dicrurus balicassius.mp3,data/raw/Dicrurus balicassius/D/XC39413 - Balicassiao - Dicrurus balicassius.mp3,D,.mp3
Dicrurus balicassius,XC433921 - Balicassiao - Dicrurus balicassius ss mirabilis.mp3,Dicrurus balicassius/D/XC433921 - Balicassiao - Dicrurus balicassius ss mirabilis.mp3,data/raw/Dicrurus balicassius/D/XC433921 - Balicassiao - Dicrurus balicassius ss mirabilis.mp3,D,.mp3
Dicrurus balicassius,XC623825 - Balicassiao - Dicrurus balicassius balicassius.mp3,Dicrurus balicassius/D/XC623825 - Balicassiao - Dicrurus balicassius balicassius.mp3,data/raw/Dicrurus balicassius/D/XC623825 - Balicassiao - Dicrurus balicassius balicassius.mp3,D,.mp3
Hypsipetes philippinus,XC175383 - Philippine Bulbul - Hypsipetes philippinus saturatior.mp3,Hypsipetes philippinus/A/XC175383 - Philippine Bulbul - Hypsipetes philippinus saturatior.mp3,data/raw/Hypsipetes philippinus/A/XC175383 - Philippine Bulbul - Hypsipetes philippinus saturatior.mp3,A,.mp3
Hypsipetes philippinus,XC321092 - Philippine Bulbul - Hypsipetes philippinus.mp3,Hypsipetes philippinus/A/XC321092 - Philippine Bulbul - Hypsipetes philippinus.mp3,data/raw/Hypsipetes philippinus/A/XC321092 - Philippine Bulbul - Hypsipetes philippinus.mp3,A,.mp3
Hypsipetes philippinus,XC35239 - Philippine Bulbul - Hypsipetes philippinus.mp3,Hypsipetes philippinus/A/XC35239 - Philippine Bulbul - Hypsipetes philippinus.mp3,data/raw/Hypsipetes philippinus/A/XC35239 - Philippine Bulbul - Hypsipetes philippinus.mp3,A,.mp3
Hypsipetes philippinus,XC35240 - Philippine Bulbul - Hypsipetes philippinus.mp3,Hypsipetes philippinus/A/XC35240 - Philippine Bulbul - Hypsipetes philippinus.mp3,data/raw/Hypsipetes philippinus/A/XC35240 - Philippine Bulbul - Hypsipetes philippinus.mp3,A,.mp3
Hypsipetes philippinus,XC599283 - Philippine Bulbul - Hypsipetes philippinus saturatior.mp3,Hypsipetes philippinus/A/XC599283 - Philippine Bulbul - Hypsipetes philippinus saturatior.mp3,data/raw/Hypsipetes philippinus/A/XC599283 - Philippine Bulbul - Hypsipetes philippinus saturatior.mp3,A,.mp3
Hypsipetes philippinus,XC599285 - Philippine Bulbul - Hypsipetes philippinus saturatior.mp3,Hypsipetes philippinus/A/XC599285 - Philippine Bulbul - Hypsipetes philippinus saturatior.mp3,data/raw/Hypsipetes philippinus/A/XC599285 - Philippine Bulbul - Hypsipetes philippinus saturatior.mp3,A,.mp3
Hypsipetes philippinus,XC599286 - Philippine Bulbul - Hypsipetes philippinus saturatior.mp3,Hypsipetes philippinus/A/XC599286 - Philippine Bulbul - Hypsipetes philippinus saturatior.mp3,data/raw/Hypsipetes philippinus/A/XC599286 - Philippine Bulbul - Hypsipetes philippinus saturatior.mp3,A,.mp3
Hypsipetes philippinus,XC616514 - Philippine Bulbul - Hypsipetes philippinus saturatior.mp3,Hypsipetes philippinus/A/XC616514 - Philippine Bulbul - Hypsipetes philippinus saturatior.mp3,data/raw/Hypsipetes philippinus/A/XC616514 - Philippine Bulbul - Hypsipetes philippinus saturatior.mp3,A,.mp3
Hypsipetes philippinus,XC622378 - Philippine Bulbul - Hypsipetes philippinus saturatior.mp3,Hypsipetes philippinus/A/XC622378 - Philippine Bulbul - Hypsipetes philippinus saturatior.mp3,data/raw/Hypsipetes philippinus/A/XC622378 - Philippine Bulbul - Hypsipetes philippinus saturatior.mp3,A,.mp3
Hypsipetes philippinus,XC622380 - Philippine Bulbul - Hypsipetes philippinus saturatior.mp3,Hypsipetes philippinus/A/XC622380 - Philippine Bulbul - Hypsipetes philippinus saturatior.mp3,data/raw/Hypsipetes philippinus/A/XC622380 - Philippine Bulbul - Hypsipetes philippinus saturatior.mp3,A,.mp3
Hypsipetes philippinus,XC631405 - Philippine Bulbul - Hypsipetes philippinus.mp3,Hypsipetes philippinus/A/XC631405 - Philippine Bulbul - Hypsipetes philippinus.mp3,data/raw/Hypsipetes philippinus/A/XC631405 - Philippine Bulbul - Hypsipetes philippinus.mp3,A,.mp3
Hypsipetes philippinus,XC659849 - Philippine Bulbul - Hypsipetes philippinus philippinus.mp3,Hypsipetes philippinus/A/XC659849 - Philippine Bulbul - Hypsipetes philippinus philippinus.mp3,data/raw/Hypsipetes philippinus/A/XC659849 - Philippine Bulbul - Hypsipetes philippinus philippinus.mp3,A,.mp3
Hypsipetes philippinus,XC813899 - Philippine Bulbul - Hypsipetes philippinus philippinus.wav,Hypsipetes philippinus/A/XC813899 - Philippine Bulbul - Hypsipetes philippinus philippinus.wav,data/raw/Hypsipetes philippinus/A/XC813899 - Philippine Bulbul - Hypsipetes philippinus philippinus.wav,A,.wav
Hypsipetes philippinus,XC895948 - Philippine Bulbul - Hypsipetes philippinus.mp3,Hypsipetes philippinus/A/XC895948 - Philippine Bulbul - Hypsipetes philippinus.mp3,data/raw/Hypsipetes philippinus/A/XC895948 - Philippine Bulbul - Hypsipetes philippinus.mp3,A,.mp3
Hypsipetes philippinus,XC896621 - Philippine Bulbul - Hypsipetes philippinus philippinus.mp3,Hypsipetes philippinus/A/XC896621 - Philippine Bulbul - Hypsipetes philippinus philippinus.mp3,data/raw/Hypsipetes philippinus/A/XC896621 - Philippine Bulbul - Hypsipetes philippinus philippinus.mp3,A,.mp3
Hypsipetes philippinus,XC897413 - Philippine Bulbul - Hypsipetes philippinus philippinus.mp3,Hypsipetes philippinus/A/XC897413 - Philippine Bulbul - Hypsipetes philippinus philippinus.mp3,data/raw/Hypsipetes philippinus/A/XC897413 - Philippine Bulbul - Hypsipetes philippinus philippinus.mp3,A,.mp3
Hypsipetes philippinus,XC963852 - Philippine Bulbul - Hypsipetes philippinus saturatior.wav,Hypsipetes philippinus/A/XC963852 - Philippine Bulbul - Hypsipetes philippinus saturatior.wav,data/raw/Hypsipetes philippinus/A/XC963852 - Philippine Bulbul - Hypsipetes philippinus saturatior.wav,A,.wav
Hypsipetes philippinus,XC964216 - Philippine Bulbul - Hypsipetes philippinus saturatior.wav,Hypsipetes philippinus/A/XC964216 - Philippine Bulbul - Hypsipetes philippinus saturatior.wav,data/raw/Hypsipetes philippinus/A/XC964216 - Philippine Bulbul - Hypsipetes philippinus saturatior.wav,A,.wav
Hypsipetes philippinus,XC964217 - Philippine Bulbul - Hypsipetes philippinus saturatior.wav,Hypsipetes philippinus/A/XC964217 - Philippine Bulbul - Hypsipetes philippinus saturatior.wav,data/raw/Hypsipetes philippinus/A/XC964217 - Philippine Bulbul - Hypsipetes philippinus saturatior.wav,A,.wav
Hypsipetes philippinus,XC1005349 - Philippine Bulbul - Hypsipetes philippinus saturatior.mp3,Hypsipetes philippinus/B/XC1005349 - Philippine Bulbul - Hypsipetes philippinus saturatior.mp3,data/raw/Hypsipetes philippinus/B/XC1005349 - Philippine Bulbul - Hypsipetes philippinus saturatior.mp3,B,.mp3
Hypsipetes philippinus,XC1005911 - Philippine Bulbul - Hypsipetes philippinus saturatior.mp3,Hypsipetes philippinus/B/XC1005911 - Philippine Bulbul - Hypsipetes philippinus saturatior.mp3,data/raw/Hypsipetes philippinus/B/XC1005911 - Philippine Bulbul - Hypsipetes philippinus saturatior.mp3,B,.mp3
Hypsipetes philippinus,XC1009620 - Philippine Bulbul - Hypsipetes philippinus.wav,Hypsipetes philippinus/B/XC1009620 - Philippine Bulbul - Hypsipetes philippinus.wav,data/raw/Hypsipetes philippinus/B/XC1009620 - Philippine Bulbul - Hypsipetes philippinus.wav,B,.wav
Hypsipetes philippinus,XC1009623 - Philippine Bulbul - Hypsipetes philippinus.wav,Hypsipetes philippinus/B/XC1009623 - Philippine Bulbul - Hypsipetes philippinus.wav,data/raw/Hypsipetes philippinus/B/XC1009623 - Philippine Bulbul - Hypsipetes philippinus.wav,B,.wav
Hypsipetes philippinus,XC239237 - Philippine Bulbul - Hypsipetes philippinus.mp3,Hypsipetes philippinus/B/XC239237 - Philippine Bulbul - Hypsipetes philippinus.mp3,data/raw/Hypsipetes philippinus/B/XC239237 - Philippine Bulbul - Hypsipetes philippinus.mp3,B,.mp3
Hypsipetes philippinus,XC239239 - Philippine Bulbul - Hypsipetes philippinus.mp3,Hypsipetes philippinus/B/XC239239 - Philippine Bulbul - Hypsipetes philippinus.mp3,data/raw/Hypsipetes philippinus/B/XC239239 - Philippine Bulbul - Hypsipetes philippinus.mp3,B,.mp3
Hypsipetes philippinus,XC239240 - Philippine Bulbul - Hypsipetes philippinus.mp3,Hypsipetes philippinus/B/XC239240 - Philippine Bulbul - Hypsipetes philippinus.mp3,data/raw/Hypsipetes philippinus/B/XC239240 - Philippine Bulbul - Hypsipetes philippinus.mp3,B,.mp3
Hypsipetes philippinus,XC239241 - Philippine Bulbul - Hypsipetes philippinus.mp3,Hypsipetes philippinus/B/XC239241 - Philippine Bulbul - Hypsipetes philippinus.mp3,data/raw/Hypsipetes philippinus/B/XC239241 - Philippine Bulbul - Hypsipetes philippinus.mp3,B,.mp3
Hypsipetes philippinus,XC270585 - Philippine Bulbul - Hypsipetes philippinus.mp3,Hypsipetes philippinus/B/XC270585 - Philippine Bulbul - Hypsipetes philippinus.mp3,data/raw/Hypsipetes philippinus/B/XC270585 - Philippine Bulbul - Hypsipetes philippinus.mp3,B,.mp3
Hypsipetes philippinus,XC305255 - Philippine Bulbul - Hypsipetes philippinus.mp3,Hypsipetes philippinus/B/XC305255 - Philippine Bulbul - Hypsipetes philippinus.mp3,data/raw/Hypsipetes philippinus/B/XC305255 - Philippine Bulbul - Hypsipetes philippinus.mp3,B,.mp3
Hypsipetes philippinus,XC305256 - Philippine Bulbul - Hypsipetes philippinus.mp3,Hypsipetes philippinus/B/XC305256 - Philippine Bulbul - Hypsipetes philippinus.mp3,data/raw/Hypsipetes philippinus/B/XC305256 - Philippine Bulbul - Hypsipetes philippinus.mp3,B,.mp3
Hypsipetes philippinus,XC308915 - Philippine Bulbul - Hypsipetes philippinus.mp3,Hypsipetes philippinus/B/XC308915 - Philippine Bulbul - Hypsipetes philippinus.mp3,data/raw/Hypsipetes philippinus/B/XC308915 - Philippine Bulbul - Hypsipetes philippinus.mp3,B,.mp3
Hypsipetes philippinus,XC308919 - Philippine Bulbul - Hypsipetes philippinus.mp3,Hypsipetes philippinus/B/XC308919 - Philippine Bulbul - Hypsipetes philippinus.mp3,data/raw/Hypsipetes philippinus/B/XC308919 - Philippine Bulbul - Hypsipetes philippinus.mp3,B,.mp3
Hypsipetes philippinus,XC308921 - Philippine Bulbul - Hypsipetes philippinus.mp3,Hypsipetes philippinus/B/XC308921 - Philippine Bulbul - Hypsipetes philippinus.mp3,data/raw/Hypsipetes philippinus/B/XC308921 - Philippine Bulbul - Hypsipetes philippinus.mp3,B,.mp3
Hypsipetes philippinus,XC320921 - Philippine Bulbul - Hypsipetes philippinus.mp3,Hypsipetes philippinus/B/XC320921 - Philippine Bulbul - Hypsipetes philippinus.mp3,data/raw/Hypsipetes philippinus/B/XC320921 - Philippine Bulbul - Hypsipetes philippinus.mp3,B,.mp3
Hypsipetes philippinus,XC391266 - Philippine Bulbul - Hypsipetes philippinus.mp3,Hypsipetes philippinus/B/XC391266 - Philippine Bulbul - Hypsipetes philippinus.mp3,data/raw/Hypsipetes philippinus/B/XC391266 - Philippine Bulbul - Hypsipetes philippinus.mp3,B,.mp3
Hypsipetes philippinus,XC411586 - Philippine Bulbul - Hypsipetes philippinus saturatior.mp3,Hypsipetes philippinus/B/XC411586 - Philippine Bulbul - Hypsipetes philippinus saturatior.mp3,data/raw/Hypsipetes philippinus/B/XC411586 - Philippine Bulbul - Hypsipetes philippinus saturatior.mp3,B,.mp3
Hypsipetes philippinus,XC411618 - Philippine Bulbul - Hypsipetes philippinus saturatior.mp3,Hypsipetes philippinus/B/XC411618 - Philippine Bulbul - Hypsipetes philippinus saturatior.mp3,data/raw/Hypsipetes philippinus/B/XC411618 - Philippine Bulbul - Hypsipetes philippinus saturatior.mp3,B,.mp3
Hypsipetes philippinus,XC442779 - Philippine Bulbul - Hypsipetes philippinus.mp3,Hypsipetes philippinus/B/XC442779 - Philippine Bulbul - Hypsipetes philippinus.mp3,data/raw/Hypsipetes philippinus/B/XC442779 - Philippine Bulbul - Hypsipetes philippinus.mp3,B,.mp3
Hypsipetes philippinus,XC573558 - Philippine Bulbul - Hypsipetes philippinus.mp3,Hypsipetes philippinus/B/XC573558 - Philippine Bulbul - Hypsipetes philippinus.mp3,data/raw/Hypsipetes philippinus/B/XC573558 - Philippine Bulbul - Hypsipetes philippinus.mp3,B,.mp3
Hypsipetes philippinus,XC57586 - Philippine Bulbul - Hypsipetes philippinus philippinus.mp3,Hypsipetes philippinus/B/XC57586 - Philippine Bulbul - Hypsipetes philippinus philippinus.mp3,data/raw/Hypsipetes philippinus/B/XC57586 - Philippine Bulbul - Hypsipetes philippinus philippinus.mp3,B,.mp3
Hypsipetes philippinus,XC599279 - Philippine Bulbul - Hypsipetes philippinus saturatior.mp3,Hypsipetes philippinus/B/XC599279 - Philippine Bulbul - Hypsipetes philippinus saturatior.mp3,data/raw/Hypsipetes philippinus/B/XC599279 - Philippine Bulbul - Hypsipetes philippinus saturatior.mp3,B,.mp3
Hypsipetes philippinus,XC599281 - Philippine Bulbul - Hypsipetes philippinus saturatior.mp3,Hypsipetes philippinus/B/XC599281 - Philippine Bulbul - Hypsipetes philippinus saturatior.mp3,data/raw/Hypsipetes philippinus/B/XC599281 - Philippine Bulbul - Hypsipetes philippinus saturatior.mp3,B,.mp3
Hypsipetes philippinus,XC599287 - Philippine Bulbul - Hypsipetes philippinus saturatior.mp3,Hypsipetes philippinus/B/XC599287 - Philippine Bulbul - Hypsipetes philippinus saturatior.mp3,data/raw/Hypsipetes philippinus/B/XC599287 - Philippine Bulbul - Hypsipetes philippinus saturatior.mp3,B,.mp3
Hypsipetes philippinus,XC599289 - Philippine Bulbul - Hypsipetes philippinus saturatior.mp3,Hypsipetes philippinus/B/XC599289 - Philippine Bulbul - Hypsipetes philippinus saturatior.mp3,data/raw/Hypsipetes philippinus/B/XC599289 - Philippine Bulbul - Hypsipetes philippinus saturatior.mp3,B,.mp3
Hypsipetes philippinus,XC599290 - Philippine Bulbul - Hypsipetes philippinus saturatior.mp3,Hypsipetes philippinus/B/XC599290 - Philippine Bulbul - Hypsipetes philippinus saturatior.mp3,data/raw/Hypsipetes philippinus/B/XC599290 - Philippine Bulbul - Hypsipetes philippinus saturatior.mp3,B,.mp3
Hypsipetes philippinus,XC599293 - Philippine Bulbul - Hypsipetes philippinus saturatior.mp3,Hypsipetes philippinus/B/XC599293 - Philippine Bulbul - Hypsipetes philippinus saturatior.mp3,data/raw/Hypsipetes philippinus/B/XC599293 - Philippine Bulbul - Hypsipetes philippinus saturatior.mp3,B,.mp3
Hypsipetes philippinus,XC606177 - Philippine Bulbul - Hypsipetes philippinus saturatior.mp3,Hypsipetes philippinus/B/XC606177 - Philippine Bulbul - Hypsipetes philippinus saturatior.mp3,data/raw/Hypsipetes philippinus/B/XC606177 - Philippine Bulbul - Hypsipetes philippinus saturatior.mp3,B,.mp3
Hypsipetes philippinus,XC606178 - Philippine Bulbul - Hypsipetes philippinus saturatior.mp3,Hypsipetes philippinus/B/XC606178 - Philippine Bulbul - Hypsipetes philippinus saturatior.mp3,data/raw/Hypsipetes philippinus/B/XC606178 - Philippine Bulbul - Hypsipetes philippinus saturatior.mp3,B,.mp3
Hypsipetes philippinus,XC622379 - Philippine Bulbul - Hypsipetes philippinus saturatior.mp3,Hypsipetes philippinus/B/XC622379 - Philippine Bulbul - Hypsipetes philippinus saturatior.mp3,data/raw/Hypsipetes philippinus/B/XC622379 - Philippine Bulbul - Hypsipetes philippinus saturatior.mp3,B,.mp3
Hypsipetes philippinus,XC622381 - Philippine Bulbul - Hypsipetes philippinus saturatior.mp3,Hypsipetes philippinus/B/XC622381 - Philippine Bulbul - Hypsipetes philippinus saturatior.mp3,data/raw/Hypsipetes philippinus/B/XC622381 - Philippine Bulbul - Hypsipetes philippinus saturatior.mp3,B,.mp3
Hypsipetes philippinus,XC622382 - Philippine Bulbul - Hypsipetes philippinus saturatior.mp3,Hypsipetes philippinus/B/XC622382 - Philippine Bulbul - Hypsipetes philippinus saturatior.mp3,data/raw/Hypsipetes philippinus/B/XC622382 - Philippine Bulbul - Hypsipetes philippinus saturatior.mp3,B,.mp3
Hypsipetes philippinus,XC622383 - Philippine Bulbul - Hypsipetes philippinus saturatior.mp3,Hypsipetes philippinus/B/XC622383 - Philippine Bulbul - Hypsipetes philippinus saturatior.mp3,data/raw/Hypsipetes philippinus/B/XC622383 - Philippine Bulbul - Hypsipetes philippinus saturatior.mp3,B,.mp3
Hypsipetes philippinus,XC895946 - Philippine Bulbul - Hypsipetes philippinus.mp3,Hypsipetes philippinus/B/XC895946 - Philippine Bulbul - Hypsipetes philippinus.mp3,data/raw/Hypsipetes philippinus/B/XC895946 - Philippine Bulbul - Hypsipetes philippinus.mp3,B,.mp3
Hypsipetes philippinus,XC895949 - Philippine Bulbul - Hypsipetes philippinus.mp3,Hypsipetes philippinus/B/XC895949 - Philippine Bulbul - Hypsipetes philippinus.mp3,data/raw/Hypsipetes philippinus/B/XC895949 - Philippine Bulbul - Hypsipetes philippinus.mp3,B,.mp3
Hypsipetes philippinus,XC895952 - Philippine Bulbul - Hypsipetes philippinus philippinus.mp3,Hypsipetes philippinus/B/XC895952 - Philippine Bulbul - Hypsipetes philippinus philippinus.mp3,data/raw/Hypsipetes philippinus/B/XC895952 - Philippine Bulbul - Hypsipetes philippinus philippinus.mp3,B,.mp3
Hypsipetes philippinus,XC896022 - Philippine Bulbul - Hypsipetes philippinus philippinus.mp3,Hypsipetes philippinus/B/XC896022 - Philippine Bulbul - Hypsipetes philippinus philippinus.mp3,data/raw/Hypsipetes philippinus/B/XC896022 - Philippine Bulbul - Hypsipetes philippinus philippinus.mp3,B,.mp3
Hypsipetes philippinus,XC896134 - Philippine Bulbul - Hypsipetes philippinus philippinus.mp3,Hypsipetes philippinus/B/XC896134 - Philippine Bulbul - Hypsipetes philippinus philippinus.mp3,data/raw/Hypsipetes philippinus/B/XC896134 - Philippine Bulbul - Hypsipetes philippinus philippinus.mp3,B,.mp3
Hypsipetes philippinus,XC896136 - Philippine Bulbul - Hypsipetes philippinus philippinus.mp3,Hypsipetes philippinus/B/XC896136 - Philippine Bulbul - Hypsipetes philippinus philippinus.mp3,data/raw/Hypsipetes philippinus/B/XC896136 - Philippine Bulbul - Hypsipetes philippinus philippinus.mp3,B,.mp3
Hypsipetes philippinus,XC896620 - Philippine Bulbul - Hypsipetes philippinus philippinus.mp3,Hypsipetes philippinus/B/XC896620 - Philippine Bulbul - Hypsipetes philippinus philippinus.mp3,data/raw/Hypsipetes philippinus/B/XC896620 - Philippine Bulbul - Hypsipetes philippinus philippinus.mp3,B,.mp3
Hypsipetes philippinus,XC897276 - Philippine Bulbul - Hypsipetes philippinus philippinus.mp3,Hypsipetes philippinus/B/XC897276 - Philippine Bulbul - Hypsipetes philippinus philippinus.mp3,data/raw/Hypsipetes philippinus/B/XC897276 - Philippine Bulbul - Hypsipetes philippinus philippinus.mp3,B,.mp3
Hypsipetes philippinus,XC897277 - Philippine Bulbul - Hypsipetes philippinus philippinus.mp3,Hypsipetes philippinus/B/XC897277 - Philippine Bulbul - Hypsipetes philippinus philippinus.mp3,data/raw/Hypsipetes philippinus/B/XC897277 - Philippine Bulbul - Hypsipetes philippinus philippinus.mp3,B,.mp3
Hypsipetes philippinus,XC897278 - Philippine Bulbul - Hypsipetes philippinus philippinus.mp3,Hypsipetes philippinus/B/XC897278 - Philippine Bulbul - Hypsipetes philippinus philippinus.mp3,data/raw/Hypsipetes philippinus/B/XC897278 - Philippine Bulbul - Hypsipetes philippinus philippinus.mp3,B,.mp3
Hypsipetes philippinus,XC936599 - Philippine Bulbul - Hypsipetes philippinus philippinus.mp3,Hypsipetes philippinus/B/XC936599 - Philippine Bulbul - Hypsipetes philippinus philippinus.mp3,data/raw/Hypsipetes philippinus/B/XC936599 - Philippine Bulbul - Hypsipetes philippinus philippinus.mp3,B,.mp3
Hypsipetes philippinus,XC940168 - Philippine Bulbul - Hypsipetes philippinus.mp3,Hypsipetes philippinus/B/XC940168 - Philippine Bulbul - Hypsipetes philippinus.mp3,data/raw/Hypsipetes philippinus/B/XC940168 - Philippine Bulbul - Hypsipetes philippinus.mp3,B,.mp3
Hypsipetes philippinus,XC959672 - Philippine Bulbul - Hypsipetes philippinus.wav,Hypsipetes philippinus/B/XC959672 - Philippine Bulbul - Hypsipetes philippinus.wav,data/raw/Hypsipetes philippinus/B/XC959672 - Philippine Bulbul - Hypsipetes philippinus.wav,B,.wav
Hypsipetes philippinus,XC963893 - Philippine Bulbul - Hypsipetes philippinus saturatior.wav,Hypsipetes philippinus/B/XC963893 - Philippine Bulbul - Hypsipetes philippinus saturatior.wav,data/raw/Hypsipetes philippinus/B/XC963893 - Philippine Bulbul - Hypsipetes philippinus saturatior.wav,B,.wav
Hypsipetes philippinus,XC1005909 - Philippine Bulbul - Hypsipetes philippinus saturatior.mp3,Hypsipetes philippinus/C/XC1005909 - Philippine Bulbul - Hypsipetes philippinus saturatior.mp3,data/raw/Hypsipetes philippinus/C/XC1005909 - Philippine Bulbul - Hypsipetes philippinus saturatior.mp3,C,.mp3
Hypsipetes philippinus,XC1008951 - Philippine Bulbul - Hypsipetes philippinus saturatior.mp3,Hypsipetes philippinus/C/XC1008951 - Philippine Bulbul - Hypsipetes philippinus saturatior.mp3,data/raw/Hypsipetes philippinus/C/XC1008951 - Philippine Bulbul - Hypsipetes philippinus saturatior.mp3,C,.mp3
Hypsipetes philippinus,XC114713 - Philippine Bulbul - Hypsipetes philippinus.mp3,Hypsipetes philippinus/C/XC114713 - Philippine Bulbul - Hypsipetes philippinus.mp3,data/raw/Hypsipetes philippinus/C/XC114713 - Philippine Bulbul - Hypsipetes philippinus.mp3,C,.mp3
Hypsipetes philippinus,XC204553 - Philippine Bulbul - Hypsipetes philippinus philippinus.mp3,Hypsipetes philippinus/C/XC204553 - Philippine Bulbul - Hypsipetes philippinus philippinus.mp3,data/raw/Hypsipetes philippinus/C/XC204553 - Philippine Bulbul - Hypsipetes philippinus philippinus.mp3,C,.mp3
Hypsipetes philippinus,XC211438 - Philippine Bulbul - Hypsipetes philippinus.mp3,Hypsipetes philippinus/C/XC211438 - Philippine Bulbul - Hypsipetes philippinus.mp3,data/raw/Hypsipetes philippinus/C/XC211438 - Philippine Bulbul - Hypsipetes philippinus.mp3,C,.mp3
Hypsipetes philippinus,XC308916 - Philippine Bulbul - Hypsipetes philippinus.mp3,Hypsipetes philippinus/C/XC308916 - Philippine Bulbul - Hypsipetes philippinus.mp3,data/raw/Hypsipetes philippinus/C/XC308916 - Philippine Bulbul - Hypsipetes philippinus.mp3,C,.mp3
Hypsipetes philippinus,XC385662 - Philippine Bulbul - Hypsipetes philippinus.mp3,Hypsipetes philippinus/C/XC385662 - Philippine Bulbul - Hypsipetes philippinus.mp3,data/raw/Hypsipetes philippinus/C/XC385662 - Philippine Bulbul - Hypsipetes philippinus.mp3,C,.mp3
Hypsipetes philippinus,XC421718 - Philippine Bulbul - Hypsipetes philippinus ss saturatior.mp3,Hypsipetes philippinus/C/XC421718 - Philippine Bulbul - Hypsipetes philippinus ss saturatior.mp3,data/raw/Hypsipetes philippinus/C/XC421718 - Philippine Bulbul - Hypsipetes philippinus ss saturatior.mp3,C,.mp3
Hypsipetes philippinus,XC446847 - Philippine Bulbul - Hypsipetes philippinus ss saturatior.mp3,Hypsipetes philippinus/C/XC446847 - Philippine Bulbul - Hypsipetes philippinus ss saturatior.mp3,data/raw/Hypsipetes philippinus/C/XC446847 - Philippine Bulbul - Hypsipetes philippinus ss saturatior.mp3,C,.mp3
Hypsipetes philippinus,XC446851 - Philippine Bulbul - Hypsipetes philippinus ss  linae.mp3,Hypsipetes philippinus/C/XC446851 - Philippine Bulbul - Hypsipetes philippinus ss  linae.mp3,data/raw/Hypsipetes philippinus/C/XC446851 - Philippine Bulbul - Hypsipetes philippinus ss  linae.mp3,C,.mp3
Hypsipetes philippinus,XC447243 - Philippine Bulbul - Hypsipetes philippinus ss saturatior.mp3,Hypsipetes philippinus/C/XC447243 - Philippine Bulbul - Hypsipetes philippinus ss saturatior.mp3,data/raw/Hypsipetes philippinus/C/XC447243 - Philippine Bulbul - Hypsipetes philippinus ss saturatior.mp3,C,.mp3
Hypsipetes philippinus,XC463897 - Philippine Bulbul - Hypsipetes philippinus.mp3,Hypsipetes philippinus/C/XC463897 - Philippine Bulbul - Hypsipetes philippinus.mp3,data/raw/Hypsipetes philippinus/C/XC463897 - Philippine Bulbul - Hypsipetes philippinus.mp3,C,.mp3
Hypsipetes philippinus,XC599294 - Philippine Bulbul - Hypsipetes philippinus saturatior.mp3,Hypsipetes philippinus/C/XC599294 - Philippine Bulbul - Hypsipetes philippinus saturatior.mp3,data/raw/Hypsipetes philippinus/C/XC599294 - Philippine Bulbul - Hypsipetes philippinus saturatior.mp3,C,.mp3
Hypsipetes philippinus,XC606175 - Philippine Bulbul - Hypsipetes philippinus saturatior.mp3,Hypsipetes philippinus/C/XC606175 - Philippine Bulbul - Hypsipetes philippinus saturatior.mp3,data/raw/Hypsipetes philippinus/C/XC606175 - Philippine Bulbul - Hypsipetes philippinus saturatior.mp3,C,.mp3
Hypsipetes philippinus,XC657623 - Philippine Bulbul - Hypsipetes philippinus saturatior.mp3,Hypsipetes philippinus/C/XC657623 - Philippine Bulbul - Hypsipetes philippinus saturatior.mp3,data/raw/Hypsipetes philippinus/C/XC657623 - Philippine Bulbul - Hypsipetes philippinus saturatior.mp3,C,.mp3
Hypsipetes philippinus,XC79297 - Philippine Bulbul - Hypsipetes philippinus saturatior.mp3,Hypsipetes philippinus/C/XC79297 - Philippine Bulbul - Hypsipetes philippinus saturatior.mp3,data/raw/Hypsipetes philippinus/C/XC79297 - Philippine Bulbul - Hypsipetes philippinus saturatior.mp3,C,.mp3
Hypsipetes philippinus,XC830458 - Philippine Bulbul - Hypsipetes philippinus.mp3,Hypsipetes philippinus/C/XC830458 - Philippine Bulbul - Hypsipetes philippinus.mp3,data/raw/Hypsipetes philippinus/C/XC830458 - Philippine Bulbul - Hypsipetes philippinus.mp3,C,.mp3
Hypsipetes philippinus,XC895745 - Philippine Bulbul - Hypsipetes philippinus philippinus.mp3,Hypsipetes philippinus/C/XC895745 - Philippine Bulbul - Hypsipetes philippinus philippinus.mp3,data/raw/Hypsipetes philippinus/C/XC895745 - Philippine Bulbul - Hypsipetes philippinus philippinus.mp3,C,.mp3
Hypsipetes philippinus,XC896132 - Philippine Bulbul - Hypsipetes philippinus philippinus.mp3,Hypsipetes philippinus/C/XC896132 - Philippine Bulbul - Hypsipetes philippinus philippinus.mp3,data/raw/Hypsipetes philippinus/C/XC896132 - Philippine Bulbul - Hypsipetes philippinus philippinus.mp3,C,.mp3
Hypsipetes philippinus,XC421719 - Philippine Bulbul - Hypsipetes philippinus ss saturatior.mp3,Hypsipetes philippinus/D/XC421719 - Philippine Bulbul - Hypsipetes philippinus ss saturatior.mp3,data/raw/Hypsipetes philippinus/D/XC421719 - Philippine Bulbul - Hypsipetes philippinus ss saturatior.mp3,D,.mp3
Hypsipetes philippinus,XC421922 - Philippine Bulbul - Hypsipetes philippinus ss saturatior.mp3,Hypsipetes philippinus/D/XC421922 - Philippine Bulbul - Hypsipetes philippinus ss saturatior.mp3,data/raw/Hypsipetes philippinus/D/XC421922 - Philippine Bulbul - Hypsipetes philippinus ss saturatior.mp3,D,.mp3
Hypsipetes philippinus,XC499982 - Philippine Bulbul - Hypsipetes philippinus ss saturatior.mp3,Hypsipetes philippinus/D/XC499982 - Philippine Bulbul - Hypsipetes philippinus ss saturatior.mp3,data/raw/Hypsipetes philippinus/D/XC499982 - Philippine Bulbul - Hypsipetes philippinus ss saturatior.mp3,D,.mp3
Hypsipetes philippinus,XC933254 - Philippine Bulbul - Hypsipetes philippinus.mp3,Hypsipetes philippinus/E/XC933254 - Philippine Bulbul - Hypsipetes philippinus.mp3,data/raw/Hypsipetes philippinus/E/XC933254 - Philippine Bulbul - Hypsipetes philippinus.mp3,E,.mp3
Ninox philippensis,XC174894 - Luzon Hawk-Owl - Ninox philippensis philippensis.mp3,Ninox philippensis/A/XC174894 - Luzon Hawk-Owl - Ninox philippensis philippensis.mp3,data/raw/Ninox philippensis/A/XC174894 - Luzon Hawk-Owl - Ninox philippensis philippensis.mp3,A,.mp3
Ninox philippensis,XC174895 - Luzon Hawk-Owl - Ninox philippensis philippensis.mp3,Ninox philippensis/A/XC174895 - Luzon Hawk-Owl - Ninox philippensis philippensis.mp3,data/raw/Ninox philippensis/A/XC174895 - Luzon Hawk-Owl - Ninox philippensis philippensis.mp3,A,.mp3
Ninox philippensis,XC30726 - Luzon Hawk-Owl - Ninox philippensis.mp3,Ninox philippensis/A/XC30726 - Luzon Hawk-Owl - Ninox philippensis.mp3,data/raw/Ninox philippensis/A/XC30726 - Luzon Hawk-Owl - Ninox philippensis.mp3,A,.mp3
Ninox philippensis,XC30727 - Luzon Hawk-Owl - Ninox philippensis.mp3,Ninox philippensis/A/XC30727 - Luzon Hawk-Owl - Ninox philippensis.mp3,data/raw/Ninox philippensis/A/XC30727 - Luzon Hawk-Owl - Ninox philippensis.mp3,A,.mp3
Ninox philippensis,XC30728 - Luzon Hawk-Owl - Ninox philippensis philippensis.mp3,Ninox philippensis/A/XC30728 - Luzon Hawk-Owl - Ninox philippensis philippensis.mp3,data/raw/Ninox philippensis/A/XC30728 - Luzon Hawk-Owl - Ninox philippensis philippensis.mp3,A,.mp3
Ninox philippensis,XC321027 - Luzon Hawk-Owl - Ninox philippensis.mp3,Ninox philippensis/A/XC321027 - Luzon Hawk-Owl - Ninox philippensis.mp3,data/raw/Ninox philippensis/A/XC321027 - Luzon Hawk-Owl - Ninox philippensis.mp3,A,.mp3
Ninox philippensis,XC321028 - Luzon Hawk-Owl - Ninox philippensis.mp3,Ninox philippensis/A/XC321028 - Luzon Hawk-Owl - Ninox philippensis.mp3,data/raw/Ninox philippensis/A/XC321028 - Luzon Hawk-Owl - Ninox philippensis.mp3,A,.mp3
Ninox philippensis,XC321050 - Luzon Hawk-Owl - Ninox philippensis.mp3,Ninox philippensis/A/XC321050 - Luzon Hawk-Owl - Ninox philippensis.mp3,data/raw/Ninox philippensis/A/XC321050 - Luzon Hawk-Owl - Ninox philippensis.mp3,A,.mp3
Ninox philippensis,XC433965 - Luzon Hawk-Owl - Ninox philippensis SS philippensis.mp3,Ninox philippensis/A/XC433965 - Luzon Hawk-Owl - Ninox philippensis SS philippensis.mp3,data/raw/Ninox philippensis/A/XC433965 - Luzon Hawk-Owl - Ninox philippensis SS philippensis.mp3,A,.mp3
Ninox philippensis,XC68856 - Luzon Hawk-Owl - Ninox philippensis centralis.mp3,Ninox philippensis/A/XC68856 - Luzon Hawk-Owl - Ninox philippensis centralis.mp3,data/raw/Ninox philippensis/A/XC68856 - Luzon Hawk-Owl - Ninox philippensis centralis.mp3,A,.mp3
Ninox philippensis,XC68858 - Luzon Hawk-Owl - Ninox philippensis centralis.mp3,Ninox philippensis/A/XC68858 - Luzon Hawk-Owl - Ninox philippensis centralis.mp3,data/raw/Ninox philippensis/A/XC68858 - Luzon Hawk-Owl - Ninox philippensis centralis.mp3,A,.mp3
Ninox philippensis,XC68859 - Luzon Hawk-Owl - Ninox philippensis centralis.mp3,Ninox philippensis/A/XC68859 - Luzon Hawk-Owl - Ninox philippensis centralis.mp3,data/raw/Ninox philippensis/A/XC68859 - Luzon Hawk-Owl - Ninox philippensis centralis.mp3,A,.mp3
Ninox philippensis,XC68860 - Luzon Hawk-Owl - Ninox philippensis centralis.mp3,Ninox philippensis/A/XC68860 - Luzon Hawk-Owl - Ninox philippensis centralis.mp3,data/raw/Ninox philippensis/A/XC68860 - Luzon Hawk-Owl - Ninox philippensis centralis.mp3,A,.mp3
Ninox philippensis,XC881040 - Luzon Hawk-Owl - Ninox philippensis philippensis.mp3,Ninox philippensis/A/XC881040 - Luzon Hawk-Owl - Ninox philippensis philippensis.mp3,data/raw/Ninox philippensis/A/XC881040 - Luzon Hawk-Owl - Ninox philippensis philippensis.mp3,A,.mp3
Ninox philippensis,XC963537 - Luzon Hawk-Owl - Ninox philippensis philippensis.wav,Ninox philippensis/A/XC963537 - Luzon Hawk-Owl - Ninox philippensis philippensis.wav,data/raw/Ninox philippensis/A/XC963537 - Luzon Hawk-Owl - Ninox philippensis philippensis.wav,A,.wav
Ninox philippensis,XC963552 - Luzon Hawk-Owl - Ninox philippensis philippensis.wav,Ninox philippensis/A/XC963552 - Luzon Hawk-Owl - Ninox philippensis philippensis.wav,data/raw/Ninox philippensis/A/XC963552 - Luzon Hawk-Owl - Ninox philippensis philippensis.wav,A,.wav
Ninox philippensis,XC130888 - Luzon Hawk-Owl - Ninox philippensis.mp3,Ninox philippensis/B/XC130888 - Luzon Hawk-Owl - Ninox philippensis.mp3,data/raw/Ninox philippensis/B/XC130888 - Luzon Hawk-Owl - Ninox philippensis.mp3,B,.mp3
Ninox philippensis,XC130889 - Luzon Hawk-Owl - Ninox philippensis.mp3,Ninox philippensis/B/XC130889 - Luzon Hawk-Owl - Ninox philippensis.mp3,data/raw/Ninox philippensis/B/XC130889 - Luzon Hawk-Owl - Ninox philippensis.mp3,B,.mp3
Ninox philippensis,XC270670 - Luzon Hawk-Owl - Ninox philippensis centralis.mp3,Ninox philippensis/B/XC270670 - Luzon Hawk-Owl - Ninox philippensis centralis.mp3,data/raw/Ninox philippensis/B/XC270670 - Luzon Hawk-Owl - Ninox philippensis centralis.mp3,B,.mp3
Ninox philippensis,XC30725 - Luzon Hawk-Owl - Ninox philippensis.mp3,Ninox philippensis/B/XC30725 - Luzon Hawk-Owl - Ninox philippensis.mp3,data/raw/Ninox philippensis/B/XC30725 - Luzon Hawk-Owl - Ninox philippensis.mp3,B,.mp3
Ninox philippensis,XC308911 - Luzon Hawk-Owl - Ninox philippensis.mp3,Ninox philippensis/B/XC308911 - Luzon Hawk-Owl - Ninox philippensis.mp3,data/raw/Ninox philippensis/B/XC308911 - Luzon Hawk-Owl - Ninox philippensis.mp3,B,.mp3
Ninox philippensis,XC35238 - Luzon Hawk-Owl - Ninox philippensis.mp3,Ninox philippensis/B/XC35238 - Luzon Hawk-Owl - Ninox philippensis.mp3,data/raw/Ninox philippensis/B/XC35238 - Luzon Hawk-Owl - Ninox philippensis.mp3,B,.mp3
Ninox philippensis,XC377132 - Luzon Hawk-Owl - Ninox philippensis ss  philippensis.mp3,Ninox philippensis/B/XC377132 - Luzon Hawk-Owl - Ninox philippensis ss  philippensis.mp3,data/raw/Ninox philippensis/B/XC377132 - Luzon Hawk-Owl - Ninox philippensis ss  philippensis.mp3,B,.mp3
Ninox philippensis,XC377133 - Luzon Hawk-Owl - Ninox philippensis ss  philippensis.mp3,Ninox philippensis/B/XC377133 - Luzon Hawk-Owl - Ninox philippensis ss  philippensis.mp3,data/raw/Ninox philippensis/B/XC377133 - Luzon Hawk-Owl - Ninox philippensis ss  philippensis.mp3,B,.mp3
Ninox philippensis,XC377135 - Luzon Hawk-Owl - Ninox philippensis ss  philippensis.mp3,Ninox philippensis/B/XC377135 - Luzon Hawk-Owl - Ninox philippensis ss  philippensis.mp3,data/raw/Ninox philippensis/B/XC377135 - Luzon Hawk-Owl - Ninox philippensis ss  philippensis.mp3,B,.mp3
Ninox philippensis,XC377137 - Luzon Hawk-Owl - Ninox philippensis ss  philippensis.mp3,Ninox philippensis/B/XC377137 - Luzon Hawk-Owl - Ninox philippensis ss  philippensis.mp3,data/raw/Ninox philippensis/B/XC377137 - Luzon Hawk-Owl - Ninox philippensis ss  philippensis.mp3,B,.mp3
Ninox philippensis,XC377138 - Luzon Hawk-Owl - Ninox philippensis ss  philippensis.mp3,Ninox philippensis/B/XC377138 - Luzon Hawk-Owl - Ninox philippensis ss  philippensis.mp3,data/raw/Ninox philippensis/B/XC377138 - Luzon Hawk-Owl - Ninox philippensis ss  philippensis.mp3,B,.mp3
Ninox philippensis,XC377675 - Luzon Hawk-Owl - Ninox philippensis ss philippensis.mp3,Ninox philippensis/B/XC377675 - Luzon Hawk-Owl - Ninox philippensis ss philippensis.mp3,data/raw/Ninox philippensis/B/XC377675 - Luzon Hawk-Owl - Ninox philippensis ss philippensis.mp3,B,.mp3
Ninox philippensis,XC378295 - Luzon Hawk-Owl - Ninox philippensis ss  philippensis.mp3,Ninox philippensis/B/XC378295 - Luzon Hawk-Owl - Ninox philippensis ss  philippensis.mp3,data/raw/Ninox philippensis/B/XC378295 - Luzon Hawk-Owl - Ninox philippensis ss  philippensis.mp3,B,.mp3
Ninox philippensis,XC382132 - Luzon Hawk-Owl - Ninox philippensis ss  philippensis.mp3,Ninox philippensis/B/XC382132 - Luzon Hawk-Owl - Ninox philippensis ss  philippensis.mp3,data/raw/Ninox philippensis/B/XC382132 - Luzon Hawk-Owl - Ninox philippensis ss  philippensis.mp3,B,.mp3
Ninox philippensis,XC382133 - Luzon Hawk-Owl - Ninox philippensis ss  philippensis.mp3,Ninox philippensis/B/XC382133 - Luzon Hawk-Owl - Ninox philippensis ss  philippensis.mp3,data/raw/Ninox philippensis/B/XC382133 - Luzon Hawk-Owl - Ninox philippensis ss  philippensis.mp3,B,.mp3
Ninox philippensis,XC391264 - Luzon Hawk-Owl - Ninox philippensis.mp3,Ninox philippensis/B/XC391264 - Luzon Hawk-Owl - Ninox philippensis.mp3,data/raw/Ninox philippensis/B/XC391264 - Luzon Hawk-Owl - Ninox philippensis.mp3,B,.mp3
Ninox philippensis,XC391265 - Luzon Hawk-Owl - Ninox philippensis.mp3,Ninox philippensis/B/XC391265 - Luzon Hawk-Owl - Ninox philippensis.mp3,data/raw/Ninox philippensis/B/XC391265 - Luzon Hawk-Owl - Ninox philippensis.mp3,B,.mp3
Ninox philippensis,XC40819 - Luzon Hawk-Owl - Ninox philippensis.mp3,Ninox philippensis/B/XC40819 - Luzon Hawk-Owl - Ninox philippensis.mp3,data/raw/Ninox philippensis/B/XC40819 - Luzon Hawk-Owl - Ninox philippensis.mp3,B,.mp3
Ninox philippensis,XC40821 - Luzon Hawk-Owl - Ninox philippensis.mp3,Ninox philippensis/B/XC40821 - Luzon Hawk-Owl - Ninox philippensis.mp3,data/raw/Ninox philippensis/B/XC40821 - Luzon Hawk-Owl - Ninox philippensis.mp3,B,.mp3
Ninox philippensis,XC40823 - Luzon Hawk-Owl - Ninox philippensis.mp3,Ninox philippensis/B/XC40823 - Luzon Hawk-Owl - Ninox philippensis.mp3,data/raw/Ninox philippensis/B/XC40823 - Luzon Hawk-Owl - Ninox philippensis.mp3,B,.mp3
Ninox philippensis,XC40825 - Luzon Hawk-Owl - Ninox philippensis.mp3,Ninox philippensis/B/XC40825 - Luzon Hawk-Owl - Ninox philippensis.mp3,data/raw/Ninox philippensis/B/XC40825 - Luzon Hawk-Owl - Ninox philippensis.mp3,B,.mp3
Ninox philippensis,XC40826 - Luzon Hawk-Owl - Ninox philippensis.mp3,Ninox philippensis/B/XC40826 - Luzon Hawk-Owl - Ninox philippensis.mp3,data/raw/Ninox philippensis/B/XC40826 - Luzon Hawk-Owl - Ninox philippensis.mp3,B,.mp3
Ninox philippensis,XC40828 - Luzon Hawk-Owl - Ninox philippensis.mp3,Ninox philippensis/B/XC40828 - Luzon Hawk-Owl - Ninox philippensis.mp3,data/raw/Ninox philippensis/B/XC40828 - Luzon Hawk-Owl - Ninox philippensis.mp3,B,.mp3
Ninox philippensis,XC432810 - Luzon Hawk-Owl - Ninox philippensis ss philippensis.mp3,Ninox philippensis/B/XC432810 - Luzon Hawk-Owl - Ninox philippensis ss philippensis.mp3,data/raw/Ninox philippensis/B/XC432810 - Luzon Hawk-Owl - Ninox philippensis ss philippensis.mp3,B,.mp3
Ninox philippensis,XC433668 - Luzon Hawk-Owl - Ninox philippensis Luzon Hawk-owl.mp3,Ninox philippensis/B/XC433668 - Luzon Hawk-Owl - Ninox philippensis Luzon Hawk-owl.mp3,data/raw/Ninox philippensis/B/XC433668 - Luzon Hawk-Owl - Ninox philippensis Luzon Hawk-owl.mp3,B,.mp3
Ninox philippensis,XC433670 - Luzon Hawk-Owl - Ninox philippensis ss philippensis.mp3,Ninox philippensis/B/XC433670 - Luzon Hawk-Owl - Ninox philippensis ss philippensis.mp3,data/raw/Ninox philippensis/B/XC433670 - Luzon Hawk-Owl - Ninox philippensis ss philippensis.mp3,B,.mp3
Ninox philippensis,XC433963 - Luzon Hawk-Owl - Ninox philippensis SS philippensis.mp3,Ninox philippensis/B/XC433963 - Luzon Hawk-Owl - Ninox philippensis SS philippensis.mp3,data/raw/Ninox philippensis/B/XC433963 - Luzon Hawk-Owl - Ninox philippensis SS philippensis.mp3,B,.mp3
Ninox philippensis,XC433964 - Luzon Hawk-Owl - Ninox philippensis ss philippensis.mp3,Ninox philippensis/B/XC433964 - Luzon Hawk-Owl - Ninox philippensis ss philippensis.mp3,data/raw/Ninox philippensis/B/XC433964 - Luzon Hawk-Owl - Ninox philippensis ss philippensis.mp3,B,.mp3
Ninox philippensis,XC447068 - Luzon Hawk-Owl - Ninox philippensis ss philippensis.mp3,Ninox philippensis/B/XC447068 - Luzon Hawk-Owl - Ninox philippensis ss philippensis.mp3,data/raw/Ninox philippensis/B/XC447068 - Luzon Hawk-Owl - Ninox philippensis ss philippensis.mp3,B,.mp3
Ninox philippensis,XC447069 - Luzon Hawk-Owl - Ninox philippensis ss philippensis.mp3,Ninox philippensis/B/XC447069 - Luzon Hawk-Owl - Ninox philippensis ss philippensis.mp3,data/raw/Ninox philippensis/B/XC447069 - Luzon Hawk-Owl - Ninox philippensis ss philippensis.mp3,B,.mp3
Ninox philippensis,XC607718 - Luzon Hawk-Owl - Ninox philippensis.mp3,Ninox philippensis/B/XC607718 - Luzon Hawk-Owl - Ninox philippensis.mp3,data/raw/Ninox philippensis/B/XC607718 - Luzon Hawk-Owl - Ninox philippensis.mp3,B,.mp3
Ninox philippensis,XC607719 - Luzon Hawk-Owl - Ninox philippensis.mp3,Ninox philippensis/B/XC607719 - Luzon Hawk-Owl - Ninox philippensis.mp3,data/raw/Ninox philippensis/B/XC607719 - Luzon Hawk-Owl - Ninox philippensis.mp3,B,.mp3
Ninox philippensis,XC68855 - Luzon Hawk-Owl - Ninox philippensis centralis.mp3,Ninox philippensis/B/XC68855 - Luzon Hawk-Owl - Ninox philippensis centralis.mp3,data/raw/Ninox philippensis/B/XC68855 - Luzon Hawk-Owl - Ninox philippensis centralis.mp3,B,.mp3
Ninox philippensis,XC68857 - Luzon Hawk-Owl - Ninox philippensis centralis.mp3,Ninox philippensis/B/XC68857 - Luzon Hawk-Owl - Ninox philippensis centralis.mp3,data/raw/Ninox philippensis/B/XC68857 - Luzon Hawk-Owl - Ninox philippensis centralis.mp3,B,.mp3
Ninox philippensis,XC881052 - Luzon Hawk-Owl - Ninox philippensis.mp3,Ninox philippensis/B/XC881052 - Luzon Hawk-Owl - Ninox philippensis.mp3,data/raw/Ninox philippensis/B/XC881052 - Luzon Hawk-Owl - Ninox philippensis.mp3,B,.mp3
Ninox philippensis,XC897539 - Luzon Hawk-Owl - Ninox philippensis philippensis.mp3,Ninox philippensis/B/XC897539 - Luzon Hawk-Owl - Ninox philippensis philippensis.mp3,data/raw/Ninox philippensis/B/XC897539 - Luzon Hawk-Owl - Ninox philippensis philippensis.mp3,B,.mp3
Ninox philippensis,XC1009626 - Luzon Hawk-Owl - Ninox philippensis.wav,Ninox philippensis/C/XC1009626 - Luzon Hawk-Owl - Ninox philippensis.wav,data/raw/Ninox philippensis/C/XC1009626 - Luzon Hawk-Owl - Ninox philippensis.wav,C,.wav
Ninox philippensis,XC1016181 - Luzon Hawk-Owl - Ninox philippensis philippensis.mp3,Ninox philippensis/C/XC1016181 - Luzon Hawk-Owl - Ninox philippensis philippensis.mp3,data/raw/Ninox philippensis/C/XC1016181 - Luzon Hawk-Owl - Ninox philippensis philippensis.mp3,C,.mp3
Ninox philippensis,XC1074084 - Luzon Hawk-Owl - Ninox philippensis.mp3,Ninox philippensis/C/XC1074084 - Luzon Hawk-Owl - Ninox philippensis.mp3,data/raw/Ninox philippensis/C/XC1074084 - Luzon Hawk-Owl - Ninox philippensis.mp3,C,.mp3
Ninox philippensis,XC23116 - Luzon Hawk-Owl - Ninox philippensis.mp3,Ninox philippensis/C/XC23116 - Luzon Hawk-Owl - Ninox philippensis.mp3,data/raw/Ninox philippensis/C/XC23116 - Luzon Hawk-Owl - Ninox philippensis.mp3,C,.mp3
Ninox philippensis,XC433918 - Luzon Hawk-Owl - Ninox philippensis ss philippensis.mp3,Ninox philippensis/C/XC433918 - Luzon Hawk-Owl - Ninox philippensis ss philippensis.mp3,data/raw/Ninox philippensis/C/XC433918 - Luzon Hawk-Owl - Ninox philippensis ss philippensis.mp3,C,.mp3
Ninox philippensis,XC446910 - Luzon Hawk-Owl - Ninox philippensis ss philippensis.mp3,Ninox philippensis/C/XC446910 - Luzon Hawk-Owl - Ninox philippensis ss philippensis.mp3,data/raw/Ninox philippensis/C/XC446910 - Luzon Hawk-Owl - Ninox philippensis ss philippensis.mp3,C,.mp3
Ninox philippensis,XC447067 - Luzon Hawk-Owl - Ninox philippensis ss philippensis.mp3,Ninox philippensis/C/XC447067 - Luzon Hawk-Owl - Ninox philippensis ss philippensis.mp3,data/raw/Ninox philippensis/C/XC447067 - Luzon Hawk-Owl - Ninox philippensis ss philippensis.mp3,C,.mp3
Ninox philippensis,XC897525 - Luzon Hawk-Owl - Ninox philippensis philippensis.mp3,Ninox philippensis/C/XC897525 - Luzon Hawk-Owl - Ninox philippensis philippensis.mp3,data/raw/Ninox philippensis/C/XC897525 - Luzon Hawk-Owl - Ninox philippensis philippensis.mp3,C,.mp3
Ninox philippensis,XC933246 - Luzon Hawk-Owl - Ninox philippensis.mp3,Ninox philippensis/E/XC933246 - Luzon Hawk-Owl - Ninox philippensis.mp3,data/raw/Ninox philippensis/E/XC933246 - Luzon Hawk-Owl - Ninox philippensis.mp3,E,.mp3
Phapitreron leucotis,XC1008932 - White-eared Brown Dove - Phapitreron leucotis brevirostris.mp3,Phapitreron leucotis/A/XC1008932 - White-eared Brown Dove - Phapitreron leucotis brevirostris.mp3,data/raw/Phapitreron leucotis/A/XC1008932 - White-eared Brown Dove - Phapitreron leucotis brevirostris.mp3,A,.mp3
Phapitreron leucotis,XC1008933 - White-eared Brown Dove - Phapitreron leucotis brevirostris.mp3,Phapitreron leucotis/A/XC1008933 - White-eared Brown Dove - Phapitreron leucotis brevirostris.mp3,data/raw/Phapitreron leucotis/A/XC1008933 - White-eared Brown Dove - Phapitreron leucotis brevirostris.mp3,A,.mp3
Phapitreron leucotis,XC175083 - White-eared Brown Dove - Phapitreron leucotis brevirostris.mp3,Phapitreron leucotis/A/XC175083 - White-eared Brown Dove - Phapitreron leucotis brevirostris.mp3,data/raw/Phapitreron leucotis/A/XC175083 - White-eared Brown Dove - Phapitreron leucotis brevirostris.mp3,A,.mp3
Phapitreron leucotis,XC179401 - White-eared Brown Dove - Phapitreron leucotis nigrorum.mp3,Phapitreron leucotis/A/XC179401 - White-eared Brown Dove - Phapitreron leucotis nigrorum.mp3,data/raw/Phapitreron leucotis/A/XC179401 - White-eared Brown Dove - Phapitreron leucotis nigrorum.mp3,A,.mp3
Phapitreron leucotis,XC320924 - White-eared Brown Dove - Phapitreron leucotis.mp3,Phapitreron leucotis/A/XC320924 - White-eared Brown Dove - Phapitreron leucotis.mp3,data/raw/Phapitreron leucotis/A/XC320924 - White-eared Brown Dove - Phapitreron leucotis.mp3,A,.mp3
Phapitreron leucotis,XC320925 - White-eared Brown Dove - Phapitreron leucotis.mp3,Phapitreron leucotis/A/XC320925 - White-eared Brown Dove - Phapitreron leucotis.mp3,data/raw/Phapitreron leucotis/A/XC320925 - White-eared Brown Dove - Phapitreron leucotis.mp3,A,.mp3
Phapitreron leucotis,XC320926 - White-eared Brown Dove - Phapitreron leucotis.mp3,Phapitreron leucotis/A/XC320926 - White-eared Brown Dove - Phapitreron leucotis.mp3,data/raw/Phapitreron leucotis/A/XC320926 - White-eared Brown Dove - Phapitreron leucotis.mp3,A,.mp3
Phapitreron leucotis,XC35282 - White-eared Brown Dove - Phapitreron leucotis leucotis.mp3,Phapitreron leucotis/A/XC35282 - White-eared Brown Dove - Phapitreron leucotis leucotis.mp3,data/raw/Phapitreron leucotis/A/XC35282 - White-eared Brown Dove - Phapitreron leucotis leucotis.mp3,A,.mp3
Phapitreron leucotis,XC463896 - White-eared Brown Dove - Phapitreron leucotis.mp3,Phapitreron leucotis/A/XC463896 - White-eared Brown Dove - Phapitreron leucotis.mp3,data/raw/Phapitreron leucotis/A/XC463896 - White-eared Brown Dove - Phapitreron leucotis.mp3,A,.mp3
Phapitreron leucotis,XC616704 - White-eared Brown Dove - Phapitreron leucotis brevirostris.mp3,Phapitreron leucotis/A/XC616704 - White-eared Brown Dove - Phapitreron leucotis brevirostris.mp3,data/raw/Phapitreron leucotis/A/XC616704 - White-eared Brown Dove - Phapitreron leucotis brevirostris.mp3,A,.mp3
Phapitreron leucotis,XC616705 - White-eared Brown Dove - Phapitreron leucotis brevirostris.mp3,Phapitreron leucotis/A/XC616705 - White-eared Brown Dove - Phapitreron leucotis brevirostris.mp3,data/raw/Phapitreron leucotis/A/XC616705 - White-eared Brown Dove - Phapitreron leucotis brevirostris.mp3,A,.mp3
Phapitreron leucotis,XC616713 - White-eared Brown Dove - Phapitreron leucotis brevirostris.mp3,Phapitreron leucotis/A/XC616713 - White-eared Brown Dove - Phapitreron leucotis brevirostris.mp3,data/raw/Phapitreron leucotis/A/XC616713 - White-eared Brown Dove - Phapitreron leucotis brevirostris.mp3,A,.mp3
Phapitreron leucotis,XC616719 - White-eared Brown Dove - Phapitreron leucotis brevirostris.mp3,Phapitreron leucotis/A/XC616719 - White-eared Brown Dove - Phapitreron leucotis brevirostris.mp3,data/raw/Phapitreron leucotis/A/XC616719 - White-eared Brown Dove - Phapitreron leucotis brevirostris.mp3,A,.mp3
Phapitreron leucotis,XC622613 - White-eared Brown Dove - Phapitreron leucotis nigrorum.mp3,Phapitreron leucotis/A/XC622613 - White-eared Brown Dove - Phapitreron leucotis nigrorum.mp3,data/raw/Phapitreron leucotis/A/XC622613 - White-eared Brown Dove - Phapitreron leucotis nigrorum.mp3,A,.mp3
Phapitreron leucotis,XC622616 - White-eared Brown Dove - Phapitreron leucotis nigrorum.mp3,Phapitreron leucotis/A/XC622616 - White-eared Brown Dove - Phapitreron leucotis nigrorum.mp3,data/raw/Phapitreron leucotis/A/XC622616 - White-eared Brown Dove - Phapitreron leucotis nigrorum.mp3,A,.mp3
Phapitreron leucotis,XC622620 - White-eared Brown Dove - Phapitreron leucotis nigrorum.mp3,Phapitreron leucotis/A/XC622620 - White-eared Brown Dove - Phapitreron leucotis nigrorum.mp3,data/raw/Phapitreron leucotis/A/XC622620 - White-eared Brown Dove - Phapitreron leucotis nigrorum.mp3,A,.mp3
Phapitreron leucotis,XC622621 - White-eared Brown Dove - Phapitreron leucotis nigrorum.mp3,Phapitreron leucotis/A/XC622621 - White-eared Brown Dove - Phapitreron leucotis nigrorum.mp3,data/raw/Phapitreron leucotis/A/XC622621 - White-eared Brown Dove - Phapitreron leucotis nigrorum.mp3,A,.mp3
Phapitreron leucotis,XC622623 - White-eared Brown Dove - Phapitreron leucotis nigrorum.mp3,Phapitreron leucotis/A/XC622623 - White-eared Brown Dove - Phapitreron leucotis nigrorum.mp3,data/raw/Phapitreron leucotis/A/XC622623 - White-eared Brown Dove - Phapitreron leucotis nigrorum.mp3,A,.mp3
Phapitreron leucotis,XC622624 - White-eared Brown Dove - Phapitreron leucotis nigrorum.mp3,Phapitreron leucotis/A/XC622624 - White-eared Brown Dove - Phapitreron leucotis nigrorum.mp3,data/raw/Phapitreron leucotis/A/XC622624 - White-eared Brown Dove - Phapitreron leucotis nigrorum.mp3,A,.mp3
Phapitreron leucotis,XC69020 - White-eared Brown Dove - Phapitreron leucotis brevirostris.mp3,Phapitreron leucotis/A/XC69020 - White-eared Brown Dove - Phapitreron leucotis brevirostris.mp3,data/raw/Phapitreron leucotis/A/XC69020 - White-eared Brown Dove - Phapitreron leucotis brevirostris.mp3,A,.mp3
Phapitreron leucotis,XC69028 - White-eared Brown Dove - Phapitreron leucotis nigrorum.mp3,Phapitreron leucotis/A/XC69028 - White-eared Brown Dove - Phapitreron leucotis nigrorum.mp3,data/raw/Phapitreron leucotis/A/XC69028 - White-eared Brown Dove - Phapitreron leucotis nigrorum.mp3,A,.mp3
Phapitreron leucotis,XC963800 - White-eared Brown Dove - Phapitreron leucotis brevirostris.wav,Phapitreron leucotis/A/XC963800 - White-eared Brown Dove - Phapitreron leucotis brevirostris.wav,data/raw/Phapitreron leucotis/A/XC963800 - White-eared Brown Dove - Phapitreron leucotis brevirostris.wav,A,.wav
Phapitreron leucotis,XC1005898 - White-eared Brown Dove - Phapitreron leucotis brevirostris.mp3,Phapitreron leucotis/B/XC1005898 - White-eared Brown Dove - Phapitreron leucotis brevirostris.mp3,data/raw/Phapitreron leucotis/B/XC1005898 - White-eared Brown Dove - Phapitreron leucotis brevirostris.mp3,B,.mp3
Phapitreron leucotis,XC1005899 - White-eared Brown Dove - Phapitreron leucotis brevirostris.mp3,Phapitreron leucotis/B/XC1005899 - White-eared Brown Dove - Phapitreron leucotis brevirostris.mp3,data/raw/Phapitreron leucotis/B/XC1005899 - White-eared Brown Dove - Phapitreron leucotis brevirostris.mp3,B,.mp3
Phapitreron leucotis,XC1005900 - White-eared Brown Dove - Phapitreron leucotis brevirostris.mp3,Phapitreron leucotis/B/XC1005900 - White-eared Brown Dove - Phapitreron leucotis brevirostris.mp3,data/raw/Phapitreron leucotis/B/XC1005900 - White-eared Brown Dove - Phapitreron leucotis brevirostris.mp3,B,.mp3
Phapitreron leucotis,XC1006779 - White-eared Brown Dove - Phapitreron leucotis brevirostris.mp3,Phapitreron leucotis/B/XC1006779 - White-eared Brown Dove - Phapitreron leucotis brevirostris.mp3,data/raw/Phapitreron leucotis/B/XC1006779 - White-eared Brown Dove - Phapitreron leucotis brevirostris.mp3,B,.mp3
Phapitreron leucotis,XC1007952 - White-eared Brown Dove - Phapitreron leucotis brevirostris.mp3,Phapitreron leucotis/B/XC1007952 - White-eared Brown Dove - Phapitreron leucotis brevirostris.mp3,data/raw/Phapitreron leucotis/B/XC1007952 - White-eared Brown Dove - Phapitreron leucotis brevirostris.mp3,B,.mp3
Phapitreron leucotis,XC1008931 - White-eared Brown Dove - Phapitreron leucotis brevirostris.mp3,Phapitreron leucotis/B/XC1008931 - White-eared Brown Dove - Phapitreron leucotis brevirostris.mp3,data/raw/Phapitreron leucotis/B/XC1008931 - White-eared Brown Dove - Phapitreron leucotis brevirostris.mp3,B,.mp3
Phapitreron leucotis,XC1008934 - White-eared Brown Dove - Phapitreron leucotis brevirostris.mp3,Phapitreron leucotis/B/XC1008934 - White-eared Brown Dove - Phapitreron leucotis brevirostris.mp3,data/raw/Phapitreron leucotis/B/XC1008934 - White-eared Brown Dove - Phapitreron leucotis brevirostris.mp3,B,.mp3
Phapitreron leucotis,XC1009634 - White-eared Brown Dove - Phapitreron leucotis.wav,Phapitreron leucotis/B/XC1009634 - White-eared Brown Dove - Phapitreron leucotis.wav,data/raw/Phapitreron leucotis/B/XC1009634 - White-eared Brown Dove - Phapitreron leucotis.wav,B,.wav
Phapitreron leucotis,XC239343 - White-eared Brown Dove - Phapitreron leucotis.mp3,Phapitreron leucotis/B/XC239343 - White-eared Brown Dove - Phapitreron leucotis.mp3,data/raw/Phapitreron leucotis/B/XC239343 - White-eared Brown Dove - Phapitreron leucotis.mp3,B,.mp3
Phapitreron leucotis,XC239344 - White-eared Brown Dove - Phapitreron leucotis.mp3,Phapitreron leucotis/B/XC239344 - White-eared Brown Dove - Phapitreron leucotis.mp3,data/raw/Phapitreron leucotis/B/XC239344 - White-eared Brown Dove - Phapitreron leucotis.mp3,B,.mp3
Phapitreron leucotis,XC268966 - White-eared Brown Dove - Phapitreron leucotis.mp3,Phapitreron leucotis/B/XC268966 - White-eared Brown Dove - Phapitreron leucotis.mp3,data/raw/Phapitreron leucotis/B/XC268966 - White-eared Brown Dove - Phapitreron leucotis.mp3,B,.mp3
Phapitreron leucotis,XC376779 - White-eared Brown Dove - Phapitreron leucotis nigorum.mp3,Phapitreron leucotis/B/XC376779 - White-eared Brown Dove - Phapitreron leucotis nigorum.mp3,data/raw/Phapitreron leucotis/B/XC376779 - White-eared Brown Dove - Phapitreron leucotis nigorum.mp3,B,.mp3
Phapitreron leucotis,XC41115 - White-eared Brown Dove - Phapitreron leucotis.mp3,Phapitreron leucotis/B/XC41115 - White-eared Brown Dove - Phapitreron leucotis.mp3,data/raw/Phapitreron leucotis/B/XC41115 - White-eared Brown Dove - Phapitreron leucotis.mp3,B,.mp3
Phapitreron leucotis,XC411616 - White-eared Brown Dove - Phapitreron leucotis.mp3,Phapitreron leucotis/B/XC411616 - White-eared Brown Dove - Phapitreron leucotis.mp3,data/raw/Phapitreron leucotis/B/XC411616 - White-eared Brown Dove - Phapitreron leucotis.mp3,B,.mp3
Phapitreron leucotis,XC605396 - White-eared Brown Dove - Phapitreron leucotis.mp3,Phapitreron leucotis/B/XC605396 - White-eared Brown Dove - Phapitreron leucotis.mp3,data/raw/Phapitreron leucotis/B/XC605396 - White-eared Brown Dove - Phapitreron leucotis.mp3,B,.mp3
Phapitreron leucotis,XC616710 - White-eared Brown Dove - Phapitreron leucotis brevirostris.mp3,Phapitreron leucotis/B/XC616710 - White-eared Brown Dove - Phapitreron leucotis brevirostris.mp3,data/raw/Phapitreron leucotis/B/XC616710 - White-eared Brown Dove - Phapitreron leucotis brevirostris.mp3,B,.mp3
Phapitreron leucotis,XC622607 - White-eared Brown Dove - Phapitreron leucotis nigrorum.mp3,Phapitreron leucotis/B/XC622607 - White-eared Brown Dove - Phapitreron leucotis nigrorum.mp3,data/raw/Phapitreron leucotis/B/XC622607 - White-eared Brown Dove - Phapitreron leucotis nigrorum.mp3,B,.mp3
Phapitreron leucotis,XC622612 - White-eared Brown Dove - Phapitreron leucotis nigrorum.mp3,Phapitreron leucotis/B/XC622612 - White-eared Brown Dove - Phapitreron leucotis nigrorum.mp3,data/raw/Phapitreron leucotis/B/XC622612 - White-eared Brown Dove - Phapitreron leucotis nigrorum.mp3,B,.mp3
Phapitreron leucotis,XC622614 - White-eared Brown Dove - Phapitreron leucotis nigrorum.mp3,Phapitreron leucotis/B/XC622614 - White-eared Brown Dove - Phapitreron leucotis nigrorum.mp3,data/raw/Phapitreron leucotis/B/XC622614 - White-eared Brown Dove - Phapitreron leucotis nigrorum.mp3,B,.mp3
Phapitreron leucotis,XC622615 - White-eared Brown Dove - Phapitreron leucotis nigrorum.mp3,Phapitreron leucotis/B/XC622615 - White-eared Brown Dove - Phapitreron leucotis nigrorum.mp3,data/raw/Phapitreron leucotis/B/XC622615 - White-eared Brown Dove - Phapitreron leucotis nigrorum.mp3,B,.mp3
Phapitreron leucotis,XC622617 - White-eared Brown Dove - Phapitreron leucotis nigrorum.mp3,Phapitreron leucotis/B/XC622617 - White-eared Brown Dove - Phapitreron leucotis nigrorum.mp3,data/raw/Phapitreron leucotis/B/XC622617 - White-eared Brown Dove - Phapitreron leucotis nigrorum.mp3,B,.mp3
Phapitreron leucotis,XC622618 - White-eared Brown Dove - Phapitreron leucotis nigrorum.mp3,Phapitreron leucotis/B/XC622618 - White-eared Brown Dove - Phapitreron leucotis nigrorum.mp3,data/raw/Phapitreron leucotis/B/XC622618 - White-eared Brown Dove - Phapitreron leucotis nigrorum.mp3,B,.mp3
Phapitreron leucotis,XC622619 - White-eared Brown Dove - Phapitreron leucotis nigrorum.mp3,Phapitreron leucotis/B/XC622619 - White-eared Brown Dove - Phapitreron leucotis nigrorum.mp3,data/raw/Phapitreron leucotis/B/XC622619 - White-eared Brown Dove - Phapitreron leucotis nigrorum.mp3,B,.mp3
Phapitreron leucotis,XC622622 - White-eared Brown Dove - Phapitreron leucotis nigrorum.mp3,Phapitreron leucotis/B/XC622622 - White-eared Brown Dove - Phapitreron leucotis nigrorum.mp3,data/raw/Phapitreron leucotis/B/XC622622 - White-eared Brown Dove - Phapitreron leucotis nigrorum.mp3,B,.mp3
Phapitreron leucotis,XC622625 - White-eared Brown Dove - Phapitreron leucotis nigrorum.mp3,Phapitreron leucotis/B/XC622625 - White-eared Brown Dove - Phapitreron leucotis nigrorum.mp3,data/raw/Phapitreron leucotis/B/XC622625 - White-eared Brown Dove - Phapitreron leucotis nigrorum.mp3,B,.mp3
Phapitreron leucotis,XC622626 - White-eared Brown Dove - Phapitreron leucotis nigrorum.mp3,Phapitreron leucotis/B/XC622626 - White-eared Brown Dove - Phapitreron leucotis nigrorum.mp3,data/raw/Phapitreron leucotis/B/XC622626 - White-eared Brown Dove - Phapitreron leucotis nigrorum.mp3,B,.mp3
Phapitreron leucotis,XC625678 - White-eared Brown Dove - Phapitreron leucotis.mp3,Phapitreron leucotis/B/XC625678 - White-eared Brown Dove - Phapitreron leucotis.mp3,data/raw/Phapitreron leucotis/B/XC625678 - White-eared Brown Dove - Phapitreron leucotis.mp3,B,.mp3
Phapitreron leucotis,XC654064 - White-eared Brown Dove - Phapitreron leucotis.mp3,Phapitreron leucotis/B/XC654064 - White-eared Brown Dove - Phapitreron leucotis.mp3,data/raw/Phapitreron leucotis/B/XC654064 - White-eared Brown Dove - Phapitreron leucotis.mp3,B,.mp3
Phapitreron leucotis,XC69019 - White-eared Brown Dove - Phapitreron leucotis.mp3,Phapitreron leucotis/B/XC69019 - White-eared Brown Dove - Phapitreron leucotis.mp3,data/raw/Phapitreron leucotis/B/XC69019 - White-eared Brown Dove - Phapitreron leucotis.mp3,B,.mp3
Phapitreron leucotis,XC69021 - White-eared Brown Dove - Phapitreron leucotis brevirostris.mp3,Phapitreron leucotis/B/XC69021 - White-eared Brown Dove - Phapitreron leucotis brevirostris.mp3,data/raw/Phapitreron leucotis/B/XC69021 - White-eared Brown Dove - Phapitreron leucotis brevirostris.mp3,B,.mp3
Phapitreron leucotis,XC69022 - White-eared Brown Dove - Phapitreron leucotis brevirostris.mp3,Phapitreron leucotis/B/XC69022 - White-eared Brown Dove - Phapitreron leucotis brevirostris.mp3,data/raw/Phapitreron leucotis/B/XC69022 - White-eared Brown Dove - Phapitreron leucotis brevirostris.mp3,B,.mp3
Phapitreron leucotis,XC69024 - White-eared Brown Dove - Phapitreron leucotis nigrorum.mp3,Phapitreron leucotis/B/XC69024 - White-eared Brown Dove - Phapitreron leucotis nigrorum.mp3,data/raw/Phapitreron leucotis/B/XC69024 - White-eared Brown Dove - Phapitreron leucotis nigrorum.mp3,B,.mp3
Phapitreron leucotis,XC69025 - White-eared Brown Dove - Phapitreron leucotis nigrorum.mp3,Phapitreron leucotis/B/XC69025 - White-eared Brown Dove - Phapitreron leucotis nigrorum.mp3,data/raw/Phapitreron leucotis/B/XC69025 - White-eared Brown Dove - Phapitreron leucotis nigrorum.mp3,B,.mp3
Phapitreron leucotis,XC69027 - White-eared Brown Dove - Phapitreron leucotis nigrorum.mp3,Phapitreron leucotis/B/XC69027 - White-eared Brown Dove - Phapitreron leucotis nigrorum.mp3,data/raw/Phapitreron leucotis/B/XC69027 - White-eared Brown Dove - Phapitreron leucotis nigrorum.mp3,B,.mp3
Phapitreron leucotis,XC69029 - White-eared Brown Dove - Phapitreron leucotis nigrorum.mp3,Phapitreron leucotis/B/XC69029 - White-eared Brown Dove - Phapitreron leucotis nigrorum.mp3,data/raw/Phapitreron leucotis/B/XC69029 - White-eared Brown Dove - Phapitreron leucotis nigrorum.mp3,B,.mp3
Phapitreron leucotis,XC69030 - White-eared Brown Dove - Phapitreron leucotis.mp3,Phapitreron leucotis/B/XC69030 - White-eared Brown Dove - Phapitreron leucotis.mp3,data/raw/Phapitreron leucotis/B/XC69030 - White-eared Brown Dove - Phapitreron leucotis.mp3,B,.mp3
Phapitreron leucotis,XC896298 - White-eared Brown Dove - Phapitreron leucotis leucotis.mp3,Phapitreron leucotis/B/XC896298 - White-eared Brown Dove - Phapitreron leucotis leucotis.mp3,data/raw/Phapitreron leucotis/B/XC896298 - White-eared Brown Dove - Phapitreron leucotis leucotis.mp3,B,.mp3
Phapitreron leucotis,XC897273 - White-eared Brown Dove - Phapitreron leucotis.mp3,Phapitreron leucotis/B/XC897273 - White-eared Brown Dove - Phapitreron leucotis.mp3,data/raw/Phapitreron leucotis/B/XC897273 - White-eared Brown Dove - Phapitreron leucotis.mp3,B,.mp3
Phapitreron leucotis,XC940148 - White-eared Brown Dove - Phapitreron leucotis.mp3,Phapitreron leucotis/B/XC940148 - White-eared Brown Dove - Phapitreron leucotis.mp3,data/raw/Phapitreron leucotis/B/XC940148 - White-eared Brown Dove - Phapitreron leucotis.mp3,B,.mp3
Phapitreron leucotis,XC1005352 - White-eared Brown Dove - Phapitreron leucotis brevirostris.mp3,Phapitreron leucotis/C/XC1005352 - White-eared Brown Dove - Phapitreron leucotis brevirostris.mp3,data/raw/Phapitreron leucotis/C/XC1005352 - White-eared Brown Dove - Phapitreron leucotis brevirostris.mp3,C,.mp3
Phapitreron leucotis,XC1005896 - White-eared Brown Dove - Phapitreron leucotis brevirostris.mp3,Phapitreron leucotis/C/XC1005896 - White-eared Brown Dove - Phapitreron leucotis brevirostris.mp3,data/raw/Phapitreron leucotis/C/XC1005896 - White-eared Brown Dove - Phapitreron leucotis brevirostris.mp3,C,.mp3
Phapitreron leucotis,XC1083597 - White-eared Brown Dove - Phapitreron leucotis brevirostris.wav,Phapitreron leucotis/C/XC1083597 - White-eared Brown Dove - Phapitreron leucotis brevirostris.wav,data/raw/Phapitreron leucotis/C/XC1083597 - White-eared Brown Dove - Phapitreron leucotis brevirostris.wav,C,.wav
Phapitreron leucotis,XC268965 - White-eared Brown Dove - Phapitreron leucotis.mp3,Phapitreron leucotis/C/XC268965 - White-eared Brown Dove - Phapitreron leucotis.mp3,data/raw/Phapitreron leucotis/C/XC268965 - White-eared Brown Dove - Phapitreron leucotis.mp3,C,.mp3
Phapitreron leucotis,XC308937 - White-eared Brown Dove - Phapitreron leucotis leucotis.mp3,Phapitreron leucotis/C/XC308937 - White-eared Brown Dove - Phapitreron leucotis leucotis.mp3,data/raw/Phapitreron leucotis/C/XC308937 - White-eared Brown Dove - Phapitreron leucotis leucotis.mp3,C,.mp3
Phapitreron leucotis,XC320927 - White-eared Brown Dove - Phapitreron leucotis.mp3,Phapitreron leucotis/C/XC320927 - White-eared Brown Dove - Phapitreron leucotis.mp3,data/raw/Phapitreron leucotis/C/XC320927 - White-eared Brown Dove - Phapitreron leucotis.mp3,C,.mp3
Phapitreron leucotis,XC345301 - White-eared Brown Dove - Phapitreron leucotis leucotis.mp3,Phapitreron leucotis/C/XC345301 - White-eared Brown Dove - Phapitreron leucotis leucotis.mp3,data/raw/Phapitreron leucotis/C/XC345301 - White-eared Brown Dove - Phapitreron leucotis leucotis.mp3,C,.mp3
Phapitreron leucotis,XC382472 - White-eared Brown Dove - Phapitreron leucotis nigorum.mp3,Phapitreron leucotis/C/XC382472 - White-eared Brown Dove - Phapitreron leucotis nigorum.mp3,data/raw/Phapitreron leucotis/C/XC382472 - White-eared Brown Dove - Phapitreron leucotis nigorum.mp3,C,.mp3
Phapitreron leucotis,XC442684 - White-eared Brown Dove - Phapitreron leucotis ss brevirostris.mp3,Phapitreron leucotis/C/XC442684 - White-eared Brown Dove - Phapitreron leucotis ss brevirostris.mp3,data/raw/Phapitreron leucotis/C/XC442684 - White-eared Brown Dove - Phapitreron leucotis ss brevirostris.mp3,C,.mp3
Phapitreron leucotis,XC616721 - White-eared Brown Dove - Phapitreron leucotis brevirostris.mp3,Phapitreron leucotis/C/XC616721 - White-eared Brown Dove - Phapitreron leucotis brevirostris.mp3,data/raw/Phapitreron leucotis/C/XC616721 - White-eared Brown Dove - Phapitreron leucotis brevirostris.mp3,C,.mp3
Phapitreron leucotis,XC69018 - White-eared Brown Dove - Phapitreron leucotis.mp3,Phapitreron leucotis/C/XC69018 - White-eared Brown Dove - Phapitreron leucotis.mp3,data/raw/Phapitreron leucotis/C/XC69018 - White-eared Brown Dove - Phapitreron leucotis.mp3,C,.mp3
Phapitreron leucotis,XC69023 - White-eared Brown Dove - Phapitreron leucotis brevirostris.mp3,Phapitreron leucotis/C/XC69023 - White-eared Brown Dove - Phapitreron leucotis brevirostris.mp3,data/raw/Phapitreron leucotis/C/XC69023 - White-eared Brown Dove - Phapitreron leucotis brevirostris.mp3,C,.mp3
Phapitreron leucotis,XC896126 - White-eared Brown Dove - Phapitreron leucotis leucotis.mp3,Phapitreron leucotis/C/XC896126 - White-eared Brown Dove - Phapitreron leucotis leucotis.mp3,data/raw/Phapitreron leucotis/C/XC896126 - White-eared Brown Dove - Phapitreron leucotis leucotis.mp3,C,.mp3
Phapitreron leucotis,XC896296 - White-eared Brown Dove - Phapitreron leucotis leucotis.mp3,Phapitreron leucotis/C/XC896296 - White-eared Brown Dove - Phapitreron leucotis leucotis.mp3,data/raw/Phapitreron leucotis/C/XC896296 - White-eared Brown Dove - Phapitreron leucotis leucotis.mp3,C,.mp3
Phapitreron leucotis,XC69026 - White-eared Brown Dove - Phapitreron leucotis nigrorum.mp3,Phapitreron leucotis/D/XC69026 - White-eared Brown Dove - Phapitreron leucotis nigrorum.mp3,data/raw/Phapitreron leucotis/D/XC69026 - White-eared Brown Dove - Phapitreron leucotis nigrorum.mp3,D,.mp3
Phapitreron leucotis,XC895689 - White-eared Brown Dove - Phapitreron leucotis leucotis.mp3,Phapitreron leucotis/D/XC895689 - White-eared Brown Dove - Phapitreron leucotis leucotis.mp3,data/raw/Phapitreron leucotis/D/XC895689 - White-eared Brown Dove - Phapitreron leucotis leucotis.mp3,D,.mp3
